iter	Accuracy	MultiClass
0	0.5735491285	1.078330339
1	0.591266041	1.060913583
2	0.6050565026	1.042307722
3	0.6148247462	1.025350784
4	0.6221988125	1.009786654
5	0.6211453744	0.995451864
6	0.6248802911	0.9830433724
7	0.6290940433	0.9707886403
8	0.6334035625	0.9599202824
9	0.6350316031	0.948854113
10	0.6359892741	0.9377829886
11	0.6380003831	0.9278953669
12	0.6376173147	0.9192611561
13	0.6395326566	0.9107388762
14	0.642980272	0.9024889629
15	0.6454702164	0.8944089229
16	0.6454702164	0.8880751598
17	0.6477686267	0.8814120449
18	0.6487262976	0.8757817728
19	0.6526527485	0.8699644652
20	0.6543765562	0.8632452709
21	0.6560045968	0.857689027
22	0.6563876652	0.8524896903
23	0.655142693	0.8471621196
24	0.657249569	0.8426382377
25	0.6566749665	0.8377959036
26	0.6606971844	0.8335696685
27	0.6614633212	0.8290823501
28	0.6616548554	0.8241897606
29	0.6619421567	0.8207142038
30	0.6624209921	0.8175020926
31	0.6633786631	0.8134320299
32	0.6667305114	0.8095961052
33	0.667305114	0.8055117431
34	0.6684543191	0.8024548726
35	0.66941199	0.7982444044
36	0.6708484965	0.794645656
37	0.6720934687	0.7913299926
38	0.6719977016	0.7882026074
39	0.6752537828	0.7850323462
40	0.674487646	0.7818506667
41	0.6763072208	0.7794539994
42	0.6770733576	0.7765621322
43	0.677456426	0.7737391941
44	0.6787971653	0.7716501388
45	0.680520973	0.7687180255
46	0.6822447807	0.76635081
47	0.6842558897	0.7637677913
48	0.6844474239	0.7612364234
49	0.6854050948	0.7582584513
50	0.6863627658	0.7560049103
51	0.6874162038	0.7537707139
52	0.6877035051	0.7514475609
53	0.6873204367	0.749417295
54	0.6900976824	0.7472689285
55	0.6909595863	0.7454348039
56	0.6925876269	0.7429457672
57	0.693736832	0.7401953358
58	0.6943114346	0.7385100124
59	0.6941199004	0.7369742221
60	0.6943114346	0.7356939195
61	0.6950775713	0.7332008374
62	0.6954606397	0.7314788696
63	0.6960352423	0.7298164558
64	0.6969929132	0.7279087516
65	0.6980463513	0.7264214637
66	0.6989082551	0.7247886113
67	0.6996743919	0.723221911
68	0.7010151312	0.7216764165
69	0.7015897338	0.7203879032
70	0.7024516376	0.7184055353
71	0.7030262402	0.7162679934
72	0.7045585137	0.7146927718
73	0.7057077188	0.7131186255
74	0.7057077188	0.7108195765
75	0.7061865543	0.7097527061
76	0.7072399923	0.7081430403
77	0.7084849646	0.7070914579
78	0.7088680329	0.7059018423
79	0.7095384026	0.7046302064
80	0.7102087723	0.7033975502
81	0.7114537445	0.7017069841
82	0.7108791419	0.7007865642
83	0.7126987167	0.6992769017
84	0.7131775522	0.6977713347
85	0.7142309902	0.6962820074
86	0.7148055928	0.6951688122
87	0.7149013599	0.6935715381
88	0.7155717296	0.692573815
89	0.7159547979	0.6913078113
90	0.7159547979	0.6902820204
91	0.717008236	0.688984097
92	0.7178701398	0.6873287022
93	0.719019345	0.6859747511
94	0.7197854817	0.6848068129
95	0.7203600843	0.6831831321
96	0.7207431527	0.6819611912
97	0.7224669604	0.6810058599
98	0.7227542616	0.6793307248
99	0.7238076997	0.6779770468
100	0.7247653706	0.676749188
101	0.7250526719	0.6756597569
102	0.7252442061	0.6743776324
103	0.7252442061	0.6731978336
104	0.7259145758	0.6723510428
105	0.7260103428	0.671061443
106	0.7267764796	0.6699513582
107	0.7273510822	0.6690850201
108	0.7275426164	0.6681365466
109	0.7277341505	0.6672619197
110	0.7283087531	0.6666802006
111	0.7286918215	0.6654656968
112	0.7293621912	0.6641221773
113	0.7303198621	0.662915954
114	0.7309902318	0.6613722552
115	0.7318521356	0.6600396374
116	0.7328098066	0.659087365
117	0.7335759433	0.6577610809
118	0.734246313	0.6567207209
119	0.7344378472	0.6558259951
120	0.735299751	0.6546364411
121	0.7365447232	0.6533995344
122	0.7368320245	0.6522195762
123	0.73731086	0.6513114095
124	0.7381727638	0.6505410564
125	0.7390346677	0.6491269275
126	0.7390346677	0.6482713987
127	0.7392262019	0.6474528264
128	0.7395135032	0.6465851092
129	0.739321969	0.6455624604
130	0.7402796399	0.6446183493
131	0.7400881057	0.6439096157
132	0.7405669412	0.6430300206
133	0.7417161463	0.641821421
134	0.7410457767	0.6404812197
135	0.7424822831	0.6391901732
136	0.7428653515	0.637990062
137	0.7426738173	0.6365776262
138	0.7424822831	0.6357889946
139	0.7426738173	0.6347687371
140	0.7428653515	0.6337649971
141	0.7433441869	0.6325004667
142	0.743439954	0.631844708
143	0.7440145566	0.630768508
144	0.745451063	0.6293836461
145	0.7456425972	0.628445912
146	0.7463129669	0.6271726526
147	0.746408734	0.6267725566
148	0.7467918023	0.6259439479
149	0.7471748707	0.6252841149
150	0.7473664049	0.6244863959
151	0.7477494733	0.6235187429
152	0.7484198429	0.6224491512
153	0.749473281	0.6213465568
154	0.7498563494	0.6202011158
155	0.750526719	0.6188568588
156	0.7510055545	0.6178795077
157	0.7518674583	0.6172475386
158	0.7518674583	0.6165039839
159	0.7520589925	0.6152082324
160	0.7523462938	0.6145077022
161	0.7531124306	0.6134948061
162	0.7530166635	0.612527198
163	0.753591266	0.6118379701
164	0.7541658686	0.6109606524
165	0.7544531699	0.610192814
166	0.7554108408	0.6092870419
167	0.7551235396	0.6085072606
168	0.7547404712	0.608085379
169	0.7554108408	0.6068046946
170	0.755602375	0.6060205934
171	0.7559854434	0.6055602052
172	0.7566558131	0.6046185574
173	0.7579007853	0.6037198123
174	0.7583796208	0.6028605674
175	0.7581880866	0.6021601235
176	0.7591457575	0.601248562
177	0.7595288259	0.6004527972
178	0.759624593	0.5999493546
179	0.760678031	0.598634481
180	0.7612526336	0.5979108162
181	0.7617314691	0.5971892666
182	0.7623060716	0.596285624
183	0.761635702	0.5950783184
184	0.7623060716	0.5938967419
185	0.7623060716	0.593181948
186	0.7632637426	0.5920868889
187	0.7637425781	0.5911346935
188	0.7643171806	0.5907298017
189	0.7650833174	0.5900640723
190	0.7661367554	0.5890663213
191	0.7663282896	0.5884450684
192	0.7666155909	0.5876325292
193	0.7673817276	0.5865753103
194	0.767764796	0.5856527551
195	0.7689140011	0.5843656398
196	0.7693928366	0.5836749009
197	0.7694886037	0.5825580096
198	0.7701589734	0.5816553526
199	0.7704462747	0.5810286557
200	0.7707335759	0.580267526
201	0.7715954798	0.5795799108
202	0.7726489178	0.5788496898
203	0.7730319862	0.5780934505
204	0.7740854242	0.5774909765
205	0.7733192875	0.576395145
206	0.7735108217	0.5758780433
207	0.7742769584	0.5750249619
208	0.774851561	0.5740134381
209	0.7746600268	0.5734730186
210	0.7750430952	0.5724540609
211	0.7753303965	0.5715302241
212	0.7762880674	0.5708712831
213	0.7766711358	0.5701968219
214	0.7774372726	0.5693127614
215	0.7776288067	0.5685955983
216	0.7782991764	0.5682305417
217	0.7784907106	0.5675005417
218	0.7789695461	0.5668408291
219	0.7789695461	0.5663520456
220	0.7792568473	0.5658906042
221	0.779927217	0.5651603151
222	0.7800229841	0.5647521313
223	0.7805018196	0.5642688958
224	0.7807891209	0.5637205923
225	0.7804060525	0.5630328928
226	0.7818425589	0.5617128583
227	0.7816510247	0.56099159
228	0.7815552576	0.5603570281
229	0.7826086957	0.5594795979
230	0.7834705995	0.5586325757
231	0.7837579008	0.5577966838
232	0.7843325034	0.5571886281
233	0.7851944072	0.5563214344
234	0.7851944072	0.5554740345
235	0.7865351465	0.5543268765
236	0.7873970504	0.5537473065
237	0.7875885846	0.5532088397
238	0.7877801188	0.5519823051
239	0.78806742	0.5509417241
240	0.7879716529	0.5503754943
241	0.7887377897	0.5496056809
242	0.7899827619	0.5488906508
243	0.7905573645	0.5483374197
244	0.7903658303	0.5478387498
245	0.7907488987	0.547081906
246	0.7913235012	0.5463847235
247	0.7917065696	0.5457303102
248	0.7919938709	0.5450929558
249	0.7927600077	0.5444350718
250	0.7925684735	0.5436289659
251	0.7930473089	0.5430245849
252	0.7938134457	0.5423718003
253	0.7946753495	0.5417979321
254	0.7948668837	0.541059903
255	0.7947711166	0.5403888804
256	0.7949626508	0.5395507587
257	0.7957287876	0.5389900448
258	0.7963991572	0.5385301566
259	0.7967822256	0.5378920285
260	0.797165294	0.5371290795
261	0.797165294	0.5366264142
262	0.7979314308	0.5360418715
263	0.7983144991	0.5351898967
264	0.799176403	0.534459658
265	0.7992721701	0.5337716601
266	0.7995594714	0.5332191913
267	0.7999425397	0.5323733206
268	0.8003256081	0.5318879333
269	0.8009002107	0.5310754067
270	0.8017621145	0.5302562651
271	0.8019536487	0.5298151266
272	0.8025282513	0.5290233932
273	0.8025282513	0.528528916
274	0.8026240184	0.5279568967
275	0.8031028539	0.5272159053
276	0.8034859222	0.526578789
277	0.8037732235	0.5262101538
278	0.8040605248	0.525465573
279	0.8044435932	0.5248697055
280	0.8051139628	0.5240364852
281	0.8054012641	0.5234887171
282	0.8061674009	0.5226337108
283	0.8070293047	0.5220926436
284	0.8074123731	0.5212762092
285	0.8077954415	0.5203893097
286	0.8079869757	0.5199396519
287	0.8077954415	0.5192899141
288	0.8086573453	0.5186667874
289	0.8084658111	0.5183439928
290	0.8092319479	0.5175423403
291	0.8094234821	0.5170755366
292	0.810381153	0.5164978127
293	0.8102853859	0.5156964182
294	0.8108599885	0.5149424428
295	0.8118176595	0.5141317583
296	0.8122964949	0.5134479509
297	0.812392262	0.5130301981
298	0.8125837962	0.5125978109
299	0.8136372342	0.5115887159
300	0.8135414672	0.510981373
301	0.8143076039	0.5103510753
302	0.8135414672	0.5097899119
303	0.8143076039	0.5091403667
304	0.814403371	0.5087830463
305	0.8148822065	0.5082256274
306	0.815456809	0.5078342474
307	0.8152652749	0.507481851
308	0.8157441103	0.5070730665
309	0.8160314116	0.506654506
310	0.8167017813	0.5060261291
311	0.8165102471	0.505701537
312	0.8169890826	0.505118107
313	0.8166060142	0.5047314145
314	0.8178509864	0.504049675
315	0.8181382877	0.5034717254
316	0.8189044244	0.5029687907
317	0.8190001915	0.5024696182
318	0.8191917257	0.5020234537
319	0.8196705612	0.5016188196
320	0.8200536296	0.5010254205
321	0.8200536296	0.500463936
322	0.8199578625	0.4999953491
323	0.820436698	0.4994188739
324	0.8210113005	0.4989366167
325	0.820532465	0.4984366756
326	0.821490136	0.4975041148
327	0.821490136	0.4968335269
328	0.822543574	0.4961892422
329	0.8224478069	0.4955333523
330	0.823501245	0.4946214408
331	0.8234054779	0.4942116435
332	0.8236927792	0.493624712
333	0.823501245	0.493155013
334	0.8240758475	0.4926148944
335	0.8241716146	0.492142277
336	0.8246504501	0.4916741121
337	0.8247462172	0.4909783817
338	0.8250335185	0.4901776614
339	0.8254165869	0.4898724612
340	0.825608121	0.4894470295
341	0.8260869565	0.4888177777
342	0.8264700249	0.4883840251
343	0.8267573262	0.487747344
344	0.8269488604	0.4874977286
345	0.8273319287	0.4869771165
346	0.8277149971	0.4865027039
347	0.8282895997	0.4861487339
348	0.828576901	0.4854657285
349	0.8282895997	0.4850338896
350	0.8282895997	0.4845266051
351	0.828576901	0.484032501
352	0.8286726681	0.4834583693
353	0.8286726681	0.4828010366
354	0.8290557364	0.4820360892
355	0.8291515035	0.4814045439
356	0.8300134074	0.4808433014
357	0.8307795441	0.4800949513
358	0.8312583796	0.4793019167
359	0.8309710783	0.4788825483
360	0.8313541467	0.4782130499
361	0.8314499138	0.4779284197
362	0.8322160506	0.4775865743
363	0.832694886	0.4770927016
364	0.8331737215	0.4767709762
365	0.8338440912	0.4758699112
366	0.8343229266	0.4753212677
367	0.8343229266	0.4748123089
368	0.8345144608	0.4744116679
369	0.8345144608	0.4737902916
370	0.8341313925	0.473030671
371	0.8346102279	0.472547338
372	0.8351848305	0.4718764018
373	0.835663666	0.4713876576
374	0.8358552002	0.4707702798
375	0.8368128711	0.469690066
376	0.8373874737	0.4691920352
377	0.8375790079	0.4685687946
378	0.8378663091	0.4680488368
379	0.8382493775	0.4675653948
380	0.8384409117	0.4668945088
381	0.8384409117	0.4662821127
382	0.8386324459	0.4654742677
383	0.8393985826	0.4650355934
384	0.839781651	0.4643224889
385	0.8400689523	0.4639569559
386	0.840739322	0.4632900967
387	0.8405477878	0.4628511697
388	0.8408350891	0.4623644049
389	0.840739322	0.4619581156
390	0.8410266233	0.4614611965
391	0.8408350891	0.4609047453
392	0.8412181574	0.4602499061
393	0.8409308562	0.459432591
394	0.8415054587	0.4587881022
395	0.8422715955	0.4581937893
396	0.842846198	0.457557096
397	0.8433250335	0.456989622
398	0.8434208006	0.4564479235
399	0.8438996361	0.4560563724
400	0.8442827045	0.4555228531
401	0.8443784716	0.4546704551
402	0.8450488412	0.453921277
403	0.844857307	0.4535140025
404	0.8453361425	0.4531928657
405	0.8451446083	0.4528437283
406	0.8459107451	0.4523110451
407	0.8463895805	0.4517330512
408	0.8467726489	0.4513404145
409	0.8462938134	0.4509196757
410	0.8463895805	0.4505039626
411	0.846868416	0.4502125551
412	0.8471557173	0.4492107139
413	0.8471557173	0.4486232265
414	0.8475387857	0.448092339
415	0.8484964566	0.4476513954
416	0.8486879908	0.447192999
417	0.8490710592	0.4466959048
418	0.8491668263	0.4462562571
419	0.8504117985	0.4456845156
420	0.8504117985	0.4453029842
421	0.8505075656	0.4449084565
422	0.8509864011	0.4444664092
423	0.8512737024	0.4438277434
424	0.8509864011	0.4430277532
425	0.8517525378	0.4425408468
426	0.851944072	0.442246534
427	0.851944072	0.4417768207
428	0.8523271404	0.4412059741
429	0.8526144417	0.4405899552
430	0.852901743	0.4400558305
431	0.8529975101	0.439579764
432	0.8530932771	0.4390578036
433	0.852901743	0.4387584236
434	0.8531890442	0.43850375
435	0.8537636468	0.4380041133
436	0.853955181	0.4375493027
437	0.8546255507	0.4371578563
438	0.855008619	0.4367620372
439	0.8552959203	0.4360325445
440	0.85596629	0.4354493878
441	0.8558705229	0.4348536516
442	0.857019728	0.4340087476
443	0.8576900977	0.4333517917
444	0.8578816319	0.4330037114
445	0.8583604673	0.4325462874
446	0.8583604673	0.4318295938
447	0.8583604673	0.4311753469
448	0.8586477686	0.4306892079
449	0.8594139054	0.4302549701
450	0.8599885079	0.4298055631
451	0.8592223712	0.4292758543
452	0.8596054396	0.4288291633
453	0.860084275	0.4283731525
454	0.8606588776	0.4279814609
455	0.8609461789	0.4275092672
456	0.8612334802	0.4267814073
457	0.8616165486	0.4263885435
458	0.8619996169	0.4260353805
459	0.8619996169	0.4256647443
460	0.8621911511	0.4250769261
461	0.8623826853	0.4245933171
462	0.8631488221	0.4241820342
463	0.863053055	0.4238361886
464	0.8635318904	0.4233250698
465	0.8636276575	0.4228347337
466	0.8639149588	0.4225926416
467	0.8639149588	0.4221970867
468	0.8639149588	0.4217153239
469	0.8642980272	0.421282235
470	0.8642980272	0.4208914355
471	0.8642980272	0.4203107187
472	0.8645853285	0.4197655931
473	0.8647768627	0.4195041484
474	0.8653514652	0.419115695
475	0.8649683969	0.4186413952
476	0.8652556981	0.4182585146
477	0.8655429994	0.4177213445
478	0.8664049033	0.417291266
479	0.8659260678	0.4167399635
480	0.8662133691	0.4164554236
481	0.8669795058	0.4160498486
482	0.8670752729	0.4156615245
483	0.8670752729	0.4153650003
484	0.86717104	0.4148892077
485	0.8678414097	0.4144323518
486	0.8680329439	0.4137413387
487	0.8682244781	0.4132848827
488	0.8684160123	0.4127281319
489	0.8693736832	0.4122968899
490	0.8700440529	0.4118053939
491	0.8702355871	0.4115185991
492	0.8704271212	0.4110343797
493	0.8703313541	0.4106482082
494	0.8703313541	0.4103559648
495	0.8703313541	0.4098255129
496	0.8710017238	0.4093977074
497	0.8710974909	0.4089544461
498	0.8719593948	0.4084293841
499	0.8723424631	0.4080453857
500	0.8726297644	0.4077094234
501	0.8726297644	0.4069788162
502	0.872246696	0.4064451041
503	0.8724382302	0.4061052086
504	0.8728212986	0.4057316939
505	0.8727255315	0.4053560952
506	0.8731085999	0.4048921046
507	0.873204367	0.4044317935
508	0.873204367	0.404050997
509	0.8734916683	0.403613062
510	0.8736832025	0.4030524529
511	0.8735874354	0.4027427294
512	0.8740662708	0.4021850362
513	0.8738747366	0.4016033018
514	0.8739705037	0.4011360695
515	0.8745451063	0.4007133092
516	0.8753112431	0.4003128056
517	0.8754070102	0.3999883902
518	0.8757900785	0.3996951941
519	0.876268914	0.3991967166
520	0.8764604482	0.3989133684
521	0.876268914	0.3985961831
522	0.8759816127	0.3982742304
523	0.8761731469	0.3976768487
524	0.8767477495	0.3971104525
525	0.8769392837	0.3966317429
526	0.8778011875	0.3961961309
527	0.8785673243	0.3956668362
528	0.8783757901	0.3952546225
529	0.8785673243	0.3947416421
530	0.8791419268	0.3942597931
531	0.8794292281	0.3939189095
532	0.8797165294	0.3934680578
533	0.8796207623	0.3932056138
534	0.8792376939	0.3928200266
535	0.8800038307	0.3923356202
536	0.8811530358	0.3919345515
537	0.8811530358	0.3914896793
538	0.8808657345	0.391032749
539	0.8809615016	0.3905998278
540	0.8809615016	0.3900684924
541	0.88134457	0.3898012539
542	0.88134457	0.389201801
543	0.8814403371	0.388741178
544	0.8817276384	0.3883483572
545	0.8819191726	0.3879182153
546	0.882302241	0.3873874379
547	0.882302241	0.3869705324
548	0.8828768435	0.3866716568
549	0.8829726106	0.386319113
550	0.8832599119	0.3859647593
551	0.8835472132	0.385653301
552	0.8835472132	0.3853135328
553	0.8836429803	0.3849371215
554	0.8837387474	0.3847687421
555	0.8838345145	0.384424376
556	0.8832599119	0.3840966437
557	0.8837387474	0.3838292741
558	0.883355679	0.3834020632
559	0.8836429803	0.3831172403
560	0.8840260486	0.3826310961
561	0.8841218157	0.3822782743
562	0.8845048841	0.3819412558
563	0.8852710209	0.3814729405
564	0.8856540893	0.3809529609
565	0.8859413905	0.3806370645
566	0.8866117602	0.380007931
567	0.8868032944	0.3797401665
568	0.887377897	0.3793315784
569	0.8871863628	0.3790153097
570	0.887377897	0.3784719776
571	0.8879524995	0.3779670559
572	0.8881440337	0.377647647
573	0.8878567324	0.3773090513
574	0.8880482666	0.3769863766
575	0.8883355679	0.3764035807
576	0.888431335	0.3759993261
577	0.8891017047	0.3752975713
578	0.8891974717	0.374927589
579	0.8900593756	0.3744220908
580	0.8901551427	0.3737895148
581	0.8901551427	0.3734130527
582	0.8907297453	0.372846192
583	0.8912085807	0.3724554416
584	0.8913043478	0.3717737856
585	0.8916874162	0.371213157
586	0.8920704846	0.3707617749
587	0.8927408542	0.3701699536
588	0.8933154568	0.3697154607
589	0.8930281555	0.3693108651
590	0.8930281555	0.3690171522
591	0.893506991	0.368641176
592	0.8940815936	0.3680807009
593	0.8944646619	0.367548551
594	0.8946561961	0.3670237577
595	0.8950392645	0.3665363134
596	0.8951350316	0.3661495603
597	0.8956138671	0.3659185916
598	0.8959011684	0.365555133
599	0.8964757709	0.3652096908
600	0.8966673051	0.3647327164
601	0.8971461406	0.3642845753
602	0.8970503735	0.3638334906
603	0.897529209	0.3631994689
604	0.897529209	0.3629593013
605	0.8977207432	0.3626581429
606	0.8976249761	0.36238566
607	0.897529209	0.3619101512
608	0.897529209	0.3613585023
609	0.8981995786	0.3608232359
610	0.8980080444	0.3604997616
611	0.8983911128	0.3602087632
612	0.8990614825	0.3598040635
613	0.8993487838	0.3593082294
614	0.8993487838	0.3588631629
615	0.899636085	0.3585681283
616	0.9002106876	0.3581350621
617	0.8999233863	0.3578548913
618	0.9004022218	0.357419275
619	0.9004979889	0.3571415621
620	0.9006895231	0.3566915942
621	0.9007852902	0.3563328447
622	0.9007852902	0.3559955981
623	0.9012641256	0.3554637462
624	0.9015514269	0.3550236082
625	0.901647194	0.3546627411
626	0.9023175637	0.3543058755
627	0.9027006321	0.3538631653
628	0.9023175637	0.3535773922
629	0.902604865	0.3532397421
630	0.9027963992	0.3529617638
631	0.9030837004	0.3526721443
632	0.9030837004	0.3524727445
633	0.9029879333	0.3521281521
634	0.9033710017	0.3518664427
635	0.9039456043	0.3514398853
636	0.903658303	0.351138479
637	0.9041371385	0.350697235
638	0.9045202069	0.3503421545
639	0.904711741	0.3499658476
640	0.9050948094	0.3496029556
641	0.9052863436	0.349045471
642	0.9051905765	0.3485360652
643	0.9052863436	0.3481576047
644	0.9059567133	0.3477874834
645	0.9062440146	0.3473739802
646	0.9063397817	0.3470294477
647	0.9062440146	0.3466989765
648	0.9066270829	0.3463120676
649	0.9066270829	0.3459309723
650	0.9069143842	0.3456177142
651	0.9072016855	0.3451920883
652	0.9074889868	0.3448985248
653	0.9073932197	0.3446136621
654	0.9078720552	0.3440093749
655	0.9072974526	0.3436597908
656	0.907680521	0.3433625701
657	0.9082551235	0.3428830234
658	0.9085424248	0.3427280464
659	0.9085424248	0.3423215039
660	0.9089254932	0.3421254064
661	0.9090212603	0.3417718208
662	0.9089254932	0.3414040225
663	0.9094043287	0.3408590023
664	0.9095000958	0.3406016742
665	0.9100746983	0.3403336196
666	0.9101704654	0.3396168562
667	0.9104577667	0.3390786327
668	0.910745068	0.3388325372
669	0.9113196706	0.3384003949
670	0.9113196706	0.3381816232
671	0.9117027389	0.3378246764
672	0.9122773415	0.3375250742
673	0.911798506	0.3371970919
674	0.9120858073	0.3368651589
675	0.9119900402	0.3363895162
676	0.9120858073	0.3361941586
677	0.9126604099	0.3357972947
678	0.9125646428	0.3354703424
679	0.9130434783	0.3351042646
680	0.9125646428	0.3348852879
681	0.9132350124	0.3342460365
682	0.913809615	0.3337546273
683	0.9139053821	0.3335629393
684	0.9140011492	0.3332139774
685	0.9142884505	0.332922228
686	0.9145757518	0.3326886799
687	0.914767286	0.3324055658
688	0.9149588201	0.3319169349
689	0.9152461214	0.3316549749
690	0.9148630531	0.3309908502
691	0.9148630531	0.3307698556
692	0.9153418885	0.3303948467
693	0.9155334227	0.3300295036
694	0.9160122582	0.3297948445
695	0.9163953266	0.3294638619
696	0.9165868608	0.3292061255
697	0.9166826278	0.3287980249
698	0.9167783949	0.3283672237
699	0.916874162	0.3281194226
700	0.916874162	0.3278175617
701	0.9166826278	0.3275764562
702	0.9166826278	0.3273143958
703	0.9171614633	0.3269480607
704	0.9174487646	0.3265868468
705	0.9180233672	0.3262099614
706	0.9181191343	0.3259809414
707	0.9182149014	0.3257768627
708	0.9187895039	0.3252559407
709	0.9186937368	0.3249762868
710	0.918885271	0.3247593702
711	0.9190768052	0.3243724911
712	0.9189810381	0.3239158343
713	0.9192683394	0.3233377236
714	0.9195556407	0.3230306532
715	0.9193641065	0.3226612944
716	0.9196514078	0.3225138136
717	0.9197471749	0.3224038604
718	0.9202260103	0.3220870524
719	0.9207048458	0.3216212892
720	0.9207048458	0.3213497629
721	0.9207048458	0.3210620159
722	0.9204175445	0.3208558298
723	0.9204175445	0.3204576074
724	0.9209921471	0.3202026701
725	0.9211836813	0.3199053387
726	0.9218540509	0.3194469092
727	0.9221413522	0.3190991301
728	0.9221413522	0.3186514608
729	0.9223328864	0.3183529792
730	0.9221413522	0.3180783735
731	0.9224286535	0.3176269991
732	0.9228117219	0.3172880501
733	0.9228117219	0.3169853743
734	0.9225244206	0.3165911254
735	0.9226201877	0.3163819116
736	0.922907489	0.3160991411
737	0.922907489	0.3158897966
738	0.9228117219	0.3155001268
739	0.9233863245	0.3151753688
740	0.9232905574	0.3150012287
741	0.9233863245	0.3147157594
742	0.9240566941	0.3144099399
743	0.9242482283	0.3140575188
744	0.9245355296	0.313811449
745	0.9245355296	0.3133322754
746	0.9250143651	0.3131146958
747	0.9248228309	0.3129044035
748	0.9250143651	0.3125733987
749	0.9252058993	0.3122408868
750	0.9254932005	0.3118040609
751	0.9254932005	0.3116770107
752	0.9257805018	0.3114927309
753	0.9260678031	0.311246855
754	0.9260678031	0.3109837751
755	0.9260678031	0.3107929963
756	0.9262593373	0.3106365669
757	0.9263551044	0.3102180325
758	0.9264508715	0.3100152564
759	0.9264508715	0.3097235346
760	0.9268339399	0.3093792758
761	0.9268339399	0.3090256832
762	0.9266424057	0.3087101134
763	0.9273127753	0.3084869517
764	0.927025474	0.3081380463
765	0.9271212411	0.3078149179
766	0.9273127753	0.3073377268
767	0.9272170082	0.307062615
768	0.9276958437	0.3067034812
769	0.9281746792	0.3062970709
770	0.9284619805	0.3060480829
771	0.9285577476	0.3058331802
772	0.9288450488	0.3055015519
773	0.9286535147	0.3052908608
774	0.9286535147	0.3049918739
775	0.9295154185	0.3045493701
776	0.9298984869	0.3041557033
777	0.929994254	0.3038861375
778	0.9304730894	0.3035583372
779	0.9306646236	0.3032625045
780	0.9308561578	0.3029512988
781	0.931047692	0.3026340715
782	0.931047692	0.3024731694
783	0.9312392262	0.302134803
784	0.9313349933	0.3018030882
785	0.9317180617	0.3014296022
786	0.9318138288	0.3011046792
787	0.9318138288	0.300806428
788	0.9321968971	0.3005400448
789	0.9323884313	0.3003348456
790	0.9321968971	0.3001374506
791	0.9323884313	0.299730472
792	0.9321968971	0.2993303096
793	0.9324841984	0.2989476029
794	0.9326757326	0.2987366305
795	0.9329630339	0.2985013637
796	0.9332503352	0.2981734692
797	0.9332503352	0.2979206889
798	0.9332503352	0.2976704616
799	0.9334418694	0.2974793323
800	0.9334418694	0.2970331646
801	0.9338249378	0.2965665318
802	0.9343037732	0.2961254843
803	0.934112239	0.2958739244
804	0.93506991	0.2955457848
805	0.93506991	0.2951550185
806	0.9348783758	0.2949082804
807	0.9351656771	0.2947176076
808	0.9355487455	0.29439017
809	0.9357402796	0.2940212912
810	0.9359318138	0.2938577838
811	0.9359318138	0.2935638008
812	0.936123348	0.2930796076
813	0.9362191151	0.2928500534
814	0.9367937177	0.2924674628
815	0.9372725532	0.2921248072
816	0.9378471557	0.2918032697
817	0.9379429228	0.2916214501
818	0.9375598544	0.2911884169
819	0.9374640873	0.2909991219
820	0.9376556215	0.2904769025
821	0.9375598544	0.2901760161
822	0.9373683202	0.2899091582
823	0.9374640873	0.2896272263
824	0.9377513886	0.2893370008
825	0.9378471557	0.2891191794
826	0.9379429228	0.2887992279
827	0.938134457	0.288503746
828	0.9383259912	0.2882486654
829	0.9388048267	0.2879219822
830	0.9389963609	0.2876302061
831	0.9388048267	0.2873957883
832	0.9389963609	0.2871612444
833	0.9393794292	0.2867859278
834	0.9396667305	0.2865183616
835	0.9397624976	0.2861431793
836	0.9400497989	0.2858054753
837	0.940145566	0.2855932303
838	0.9402413331	0.2851656982
839	0.9404328673	0.2848126704
840	0.9400497989	0.2844626884
841	0.9405286344	0.2840842073
842	0.9404328673	0.2838569909
843	0.9406244015	0.2836401571
844	0.9410074698	0.283483386
845	0.9412947711	0.2830555066
846	0.9411032369	0.282622849
847	0.9411032369	0.2824094252
848	0.9408159356	0.2822238512
849	0.9412947711	0.2818921333
850	0.9417736066	0.281664884
851	0.942156675	0.281411675
852	0.9424439762	0.2810385209
853	0.9426355104	0.280779132
854	0.9431143459	0.2804531898
855	0.9436889485	0.280135285
856	0.9436889485	0.2797928274
857	0.9437847156	0.2795454455
858	0.9443593181	0.2793231749
859	0.944263551	0.2790579577
860	0.9444550852	0.2788410738
861	0.9446466194	0.2786773922
862	0.9448381536	0.278457484
863	0.9451254549	0.2780964183
864	0.9450296878	0.2779178757
865	0.9453169891	0.2777136689
866	0.9450296878	0.277318882
867	0.9454127562	0.2769587116
868	0.945221222	0.2767509834
869	0.9449339207	0.2764878517
870	0.9457000575	0.2760896628
871	0.9456042904	0.2756911178
872	0.9455085233	0.2755506597
873	0.9456042904	0.2754310767
874	0.9457958246	0.2751853233
875	0.9457000575	0.2749248962
876	0.9461788929	0.2746760648
877	0.9463704271	0.2744832824
878	0.9465619613	0.2743083176
879	0.9467534955	0.2740578326
880	0.9466577284	0.273757024
881	0.9467534955	0.2733919571
882	0.9466577284	0.2732746184
883	0.9465619613	0.2730550687
884	0.9463704271	0.2727964194
885	0.9467534955	0.2725158064
886	0.9474238652	0.2722575977
887	0.9479027006	0.2719931587
888	0.9478069335	0.2716746779
889	0.9480942348	0.2714991814
890	0.9481900019	0.2712054708
891	0.9484773032	0.2710441823
892	0.9484773032	0.2707872974
893	0.9485730703	0.2704715496
894	0.9485730703	0.2702726505
895	0.9481900019	0.270139284
896	0.9487646045	0.2698744838
897	0.9488603716	0.2696012402
898	0.9495307412	0.2692877171
899	0.949339207	0.2690645595
900	0.949339207	0.2689643963
901	0.949339207	0.268626384
902	0.9496265083	0.2684139702
903	0.9495307412	0.2680622804
904	0.9495307412	0.267786619
905	0.9498180425	0.2674974999
906	0.9497222754	0.2670438473
907	0.950296878	0.266779718
908	0.9502011109	0.26659421
909	0.950296878	0.2663838914
910	0.9502011109	0.266081172
911	0.9506799464	0.2659040636
912	0.951350316	0.2655008927
913	0.9512545489	0.2652594621
914	0.9519249186	0.2648970329
915	0.9521164528	0.2644527401
916	0.9524995212	0.2642234998
917	0.952307987	0.2640396212
918	0.952307987	0.2638010854
919	0.952307987	0.2635755469
920	0.9524037541	0.2633368821
921	0.9526910554	0.2630623997
922	0.9529783566	0.2628722008
923	0.9529783566	0.2625463631
924	0.9531698908	0.2623002959
925	0.9531698908	0.2619904368
926	0.9535529592	0.2618138837
927	0.9542233289	0.2615528489
928	0.9542233289	0.261286983
929	0.9545106301	0.2611214847
930	0.9544148631	0.2608563398
931	0.954319096	0.2606865466
932	0.9545106301	0.2604583495
933	0.9547979314	0.2602886756
934	0.9548936985	0.2600914729
935	0.9546063972	0.259602211
936	0.9547979314	0.2593237807
937	0.9554683011	0.2589662238
938	0.9558513695	0.2587390576
939	0.9562344378	0.2585641329
940	0.956425972	0.2582390326
941	0.9565217391	0.2580469244
942	0.9566175062	0.2576501529
943	0.9570963417	0.2572719961
944	0.9571921088	0.2570826971
945	0.9571921088	0.2568523532
946	0.9570005746	0.2567231934
947	0.9570005746	0.2564713898
948	0.9571921088	0.2562719002
949	0.957383643	0.255993332
950	0.9570963417	0.2557234078
951	0.9571921088	0.2554722197
952	0.9572878759	0.2551348522
953	0.957383643	0.2549578307
954	0.9574794101	0.2545951606
955	0.9577667114	0.2543575155
956	0.9577667114	0.2541333283
957	0.9578624785	0.2539328815
958	0.9581497797	0.2537019985
959	0.958437081	0.2534632288
960	0.958437081	0.2532742931
961	0.958437081	0.2531390043
962	0.9583413139	0.2529084026
963	0.9585328481	0.2526794289
964	0.9586286152	0.2524993857
965	0.9587243823	0.2522759732
966	0.9592032178	0.2521064096
967	0.9591074507	0.2519141448
968	0.9589159165	0.2516339201
969	0.9589159165	0.2514444018
970	0.9589159165	0.2511980741
971	0.9590116836	0.2509710006
972	0.9592032178	0.2507000182
973	0.959394752	0.2504570746
974	0.9592989849	0.2502418367
975	0.959394752	0.2498708715
976	0.9594905191	0.2495751842
977	0.9601608887	0.2491970433
978	0.9598735874	0.2490273244
979	0.9600651216	0.2488418335
980	0.96044819	0.2486116539
981	0.96044819	0.2482795758
982	0.9602566558	0.2481336223
983	0.9601608887	0.2479140484
984	0.9605439571	0.2474211794
985	0.9606397242	0.2471461087
986	0.9610227926	0.2467881325
987	0.9612143268	0.2465040445
988	0.9613100939	0.246322607
989	0.961501628	0.2460963124
990	0.961501628	0.2459007596
991	0.9614058609	0.2455641233
992	0.9616931622	0.2453306229
993	0.9619804635	0.2450468058
994	0.9620762306	0.2448019544
995	0.9621719977	0.2445639742
996	0.9620762306	0.2443373042
997	0.9617889293	0.2441524221
998	0.9617889293	0.2440029376
999	0.9621719977	0.2438364865
1000	0.9623635319	0.2435779314
1001	0.9625550661	0.2433176449
1002	0.9623635319	0.2431066321
1003	0.9625550661	0.2427149663
1004	0.9627466003	0.2424833381
1005	0.9630339016	0.2423222772
1006	0.9628423674	0.242048253
1007	0.9633212028	0.2417733787
1008	0.9633212028	0.2415763836
1009	0.963512737	0.2413229942
1010	0.9634169699	0.2411912944
1011	0.9632254357	0.241023984
1012	0.9636085041	0.2407822088
1013	0.9638958054	0.2405417273
1014	0.964470408	0.2402233333
1015	0.9646619422	0.23987712
1016	0.9648534763	0.2397569749
1017	0.9649492434	0.2394733879
1018	0.9651407776	0.2392966312
1019	0.965523846	0.2391328005
1020	0.9656196131	0.238863943
1021	0.9653323118	0.2386631912
1022	0.9653323118	0.2385272963
1023	0.9653323118	0.2382961029
1024	0.9657153802	0.2381347837
1025	0.9658111473	0.2379922591
1026	0.9659069144	0.2377347243
1027	0.9660984486	0.2375227948
1028	0.9660984486	0.2372999595
1029	0.9660026815	0.2369310174
1030	0.9661942157	0.2366722121
1031	0.9663857499	0.236350252
1032	0.966481517	0.2361405295
1033	0.9666730511	0.2359293471
1034	0.9667688182	0.235777458
1035	0.9667688182	0.2355705181
1036	0.9669603524	0.2354002808
1037	0.9671518866	0.2351815953
1038	0.9672476537	0.2349961823
1039	0.9672476537	0.2346938898
1040	0.9674391879	0.2343461656
1041	0.967534955	0.2342314499
1042	0.967534955	0.2340623834
1043	0.9677264892	0.2338430526
1044	0.9679180234	0.2335920233
1045	0.9680137905	0.2333879026
1046	0.9681095576	0.2332499628
1047	0.9683010917	0.2329383873
1048	0.9684926259	0.2327438294
1049	0.9683968588	0.2325967683
1050	0.968588393	0.2323963929
1051	0.9684926259	0.2322045022
1052	0.9688756943	0.231912684
1053	0.9689714614	0.2317394492
1054	0.9689714614	0.2315893278
1055	0.9691629956	0.231418881
1056	0.9693545298	0.2312643243
1057	0.9693545298	0.2311016896
1058	0.9696418311	0.230864103
1059	0.9696418311	0.2306784378
1060	0.969546064	0.2305233951
1061	0.9696418311	0.230304747
1062	0.9697375982	0.2299627664
1063	0.9696418311	0.2296435287
1064	0.9699291324	0.2293963699
1065	0.9699291324	0.2292044949
1066	0.9698333653	0.2290139619
1067	0.9698333653	0.2288606839
1068	0.9698333653	0.2286047865
1069	0.9699291324	0.2284922785
1070	0.9699291324	0.2283703401
1071	0.9701206665	0.2281234988
1072	0.9703122007	0.2279140638
1073	0.9705037349	0.2278046543
1074	0.9706952691	0.2275704738
1075	0.9707910362	0.2273778471
1076	0.970599502	0.2271844125
1077	0.970599502	0.2269659827
1078	0.9709825704	0.2267798034
1079	0.9713656388	0.2265730736
1080	0.9714614059	0.2262916504
1081	0.971557173	0.2260917901
1082	0.9713656388	0.2259182776
1083	0.9714614059	0.2257361924
1084	0.97165294	0.225442776
1085	0.97165294	0.2252710503
1086	0.9717487071	0.2250125573
1087	0.9719402413	0.2248248657
1088	0.9719402413	0.2246737781
1089	0.9721317755	0.224464191
1090	0.9721317755	0.2243501956
1091	0.9724190768	0.2241263193
1092	0.9722275426	0.2239719559
1093	0.9725148439	0.2237813765
1094	0.9725148439	0.2235047341
1095	0.9724190768	0.223334994
1096	0.9725148439	0.2231354519
1097	0.9725148439	0.2229577497
1098	0.9727063781	0.2228040087
1099	0.9729936794	0.2225325632
1100	0.9732809807	0.2222480444
1101	0.9729936794	0.2220113339
1102	0.9730894465	0.2217687451
1103	0.9728979123	0.2215613869
1104	0.9732809807	0.2213171253
1105	0.9734725148	0.2211314169
1106	0.9738555832	0.2207802403
1107	0.9740471174	0.2206123489
1108	0.9738555832	0.2204551384
1109	0.9739513503	0.2203007325
1110	0.9738555832	0.220120101
1111	0.9737598161	0.2198867728
1112	0.9737598161	0.2197630887
1113	0.9737598161	0.2195812208
1114	0.973664049	0.2194034416
1115	0.9738555832	0.2191792626
1116	0.9738555832	0.2189888952
1117	0.9739513503	0.2188232383
1118	0.9742386516	0.218564175
1119	0.9739513503	0.2183417281
1120	0.9738555832	0.2181374707
1121	0.9739513503	0.2180379941
1122	0.9739513503	0.2178848565
1123	0.9745259529	0.2176858917
1124	0.97462172	0.2174543378
1125	0.97462172	0.2173268047
1126	0.97462172	0.217153491
1127	0.9748132542	0.2170276405
1128	0.9749090213	0.2168424847
1129	0.9747174871	0.2165530621
1130	0.97462172	0.2164099736
1131	0.9747174871	0.2161381335
1132	0.9745259529	0.2160286073
1133	0.9747174871	0.2158472528
1134	0.9747174871	0.2157080138
1135	0.9747174871	0.2155439794
1136	0.9749090213	0.2154013101
1137	0.9748132542	0.2152945971
1138	0.9749090213	0.2150212721
1139	0.9751963225	0.2147425653
1140	0.9754836238	0.2144055115
1141	0.9757709251	0.2142142658
1142	0.9757709251	0.2140857192
1143	0.9759624593	0.2139079451
1144	0.9760582264	0.2137081922
1145	0.9761539935	0.2135968306
1146	0.9760582264	0.2134191695
1147	0.9762497606	0.2132556517
1148	0.9761539935	0.2131008159
1149	0.9759624593	0.2129219182
1150	0.9763455277	0.212702844
1151	0.9762497606	0.2125761028
1152	0.976632829	0.212336051
1153	0.9767285961	0.2122153361
1154	0.9768243631	0.2119393919
1155	0.9769201302	0.2118445095
1156	0.9769201302	0.2117255004
1157	0.9769201302	0.2115112766
1158	0.9768243631	0.2112197532
1159	0.9771116644	0.2109921024
1160	0.9773989657	0.2107627314
1161	0.9773989657	0.2105985799
1162	0.9774947328	0.2103671338
1163	0.9773031986	0.2100904011
1164	0.9774947328	0.2099664175
1165	0.9774947328	0.2098687075
1166	0.9774947328	0.2097513616
1167	0.9775904999	0.2096472218
1168	0.9777820341	0.2094965645
1169	0.977686267	0.2093258045
1170	0.977686267	0.2092385167
1171	0.9775904999	0.2089481316
1172	0.9775904999	0.2087476937
1173	0.9777820341	0.2086068716
1174	0.977686267	0.2084534154
1175	0.9778778012	0.2083503878
1176	0.9778778012	0.2082207366
1177	0.9778778012	0.2080762794
1178	0.9778778012	0.2079988562
1179	0.9778778012	0.2078470172
1180	0.9778778012	0.2075515013
1181	0.9780693354	0.2073781186
1182	0.9781651025	0.2071897556
1183	0.9781651025	0.2069367992
1184	0.9784524038	0.2067066585
1185	0.9786439379	0.2065479601
1186	0.9786439379	0.2063640803
1187	0.9788354721	0.2062520086
1188	0.9786439379	0.2061180856
1189	0.9789312392	0.2060035492
1190	0.9789312392	0.2058599354
1191	0.9789312392	0.2056608449
1192	0.9791227734	0.2055257771
1193	0.9793143076	0.2052254095
1194	0.9795058418	0.2050116529
1195	0.979697376	0.2047583673
1196	0.979697376	0.2044934833
1197	0.9796016089	0.2042812668
1198	0.979697376	0.2040634816
1199	0.9796016089	0.2037899057
1200	0.9794100747	0.2036038954
1201	0.979697376	0.2034035844
1202	0.9798889102	0.203124167
1203	0.9797931431	0.2028878755
1204	0.9799846773	0.2026865374
1205	0.9799846773	0.2024605742
1206	0.9801762115	0.2022455538
1207	0.9800804444	0.2020687435
1208	0.9803677456	0.2018811873
1209	0.9806550469	0.2016302401
1210	0.9806550469	0.2014466527
1211	0.980750814	0.2012462137
1212	0.980750814	0.2010383714
1213	0.9808465811	0.2007887011
1214	0.9808465811	0.2005529754
1215	0.9805592798	0.200392093
1216	0.9806550469	0.2002257918
1217	0.9808465811	0.2000431016
1218	0.9808465811	0.1999314918
1219	0.9810381153	0.1998043779
1220	0.9811338824	0.1995902655
1221	0.9811338824	0.1993413952
1222	0.9811338824	0.1992169236
1223	0.9812296495	0.1991146468
1224	0.9812296495	0.1989287416
1225	0.9813254166	0.1986902939
1226	0.9814211837	0.1985476691
1227	0.9816127179	0.1983518502
1228	0.9816127179	0.1981556598
1229	0.9816127179	0.1980274217
1230	0.981708485	0.1979097405
1231	0.9818042521	0.197741912
1232	0.9819000192	0.1975693356
1233	0.9819000192	0.1973246595
1234	0.9819957862	0.1971472216
1235	0.9819957862	0.1969625769
1236	0.9819000192	0.1968360432
1237	0.9819000192	0.196555651
1238	0.9819957862	0.1964227007
1239	0.9821873204	0.1960791288
1240	0.9822830875	0.1958078282
1241	0.9823788546	0.1956507877
1242	0.9821873204	0.1955885815
1243	0.9822830875	0.1954044642
1244	0.9823788546	0.1952338039
1245	0.9822830875	0.1949572592
1246	0.9823788546	0.1947812889
1247	0.9822830875	0.1946799611
1248	0.9824746217	0.1944969274
1249	0.9826661559	0.1943467984
1250	0.9826661559	0.1941801986
1251	0.9825703888	0.1939742038
1252	0.9826661559	0.1938029574
1253	0.9828576901	0.1936033362
1254	0.982761923	0.193415191
1255	0.9829534572	0.1933041804
1256	0.9830492243	0.193195434
1257	0.9830492243	0.1930123239
1258	0.9830492243	0.1928440025
1259	0.9831449914	0.1927162958
1260	0.9831449914	0.1926220365
1261	0.9833365256	0.1925106623
1262	0.9832407585	0.1922923517
1263	0.9834322927	0.1921724022
1264	0.9836238269	0.192030888
1265	0.9836238269	0.1919021622
1266	0.9836238269	0.1915892779
1267	0.9837195939	0.1914769142
1268	0.9837195939	0.1913077441
1269	0.9837195939	0.1911728773
1270	0.9837195939	0.1909820349
1271	0.9837195939	0.1908274366
1272	0.9837195939	0.190654888
1273	0.9840068952	0.1905314124
1274	0.9839111281	0.1904562382
1275	0.9839111281	0.1902909381
1276	0.9837195939	0.1901378381
1277	0.9837195939	0.190075358
1278	0.9840068952	0.1899755542
1279	0.9839111281	0.1897956184
1280	0.9840068952	0.1896486624
1281	0.9841984294	0.1894961919
1282	0.9841984294	0.1893073623
1283	0.9841984294	0.1890735603
1284	0.9841026623	0.1887929686
1285	0.9841984294	0.1885816159
1286	0.9841984294	0.1884866922
1287	0.9841026623	0.1883156762
1288	0.9841026623	0.1881942363
1289	0.9841984294	0.1880050183
1290	0.9843899636	0.1878672997
1291	0.9844857307	0.1876829586
1292	0.984773032	0.1875202029
1293	0.9845814978	0.187271973
1294	0.9846772649	0.1870623588
1295	0.9846772649	0.1868561772
1296	0.9848687991	0.1866558645
1297	0.9848687991	0.1865483825
1298	0.9848687991	0.1864298729
1299	0.9848687991	0.1862893635
1300	0.9846772649	0.1861382465
1301	0.9848687991	0.1860083624
1302	0.9849645662	0.1858016416
1303	0.9850603333	0.1856088037
1304	0.9850603333	0.1854534482
1305	0.9850603333	0.185334563
1306	0.9851561004	0.1851902271
1307	0.9853476346	0.1849729206
1308	0.9853476346	0.184840358
1309	0.9853476346	0.1846655039
1310	0.9854434016	0.1845163302
1311	0.9856349358	0.1842951291
1312	0.9854434016	0.1841833215
1313	0.9855391687	0.1840541999
1314	0.9855391687	0.1838239298
1315	0.98582647	0.1836378581
1316	0.9861137713	0.1834519693
1317	0.9862095384	0.1832083561
1318	0.9861137713	0.1830333978
1319	0.9863053055	0.1828943756
1320	0.9864010726	0.1827071842
1321	0.9864010726	0.182590382
1322	0.9864010726	0.1824833638
1323	0.9864968397	0.1823872794
1324	0.9865926068	0.1822493292
1325	0.986784141	0.1821321181
1326	0.986784141	0.1819358674
1327	0.9866883739	0.1816738349
1328	0.986784141	0.1815549214
1329	0.9866883739	0.1812990228
1330	0.986784141	0.1811062479
1331	0.9866883739	0.1809784961
1332	0.986784141	0.180838281
1333	0.9870714423	0.1806265766
1334	0.9871672093	0.1804675177
1335	0.9872629764	0.180243577
1336	0.9873587435	0.1801159354
1337	0.9873587435	0.1799380566
1338	0.9872629764	0.1797775132
1339	0.9874545106	0.1796084253
1340	0.9874545106	0.1794925292
1341	0.9874545106	0.179392753
1342	0.9874545106	0.179123613
1343	0.9874545106	0.1789655132
1344	0.9874545106	0.1787298976
1345	0.9877418119	0.1785897605
1346	0.9876460448	0.1784012876
1347	0.9877418119	0.1782455068
1348	0.9875502777	0.178095519
1349	0.9876460448	0.177880872
1350	0.987837579	0.1777270003
1351	0.9877418119	0.1775543041
1352	0.9876460448	0.1774234937
1353	0.9877418119	0.1772675289
1354	0.9877418119	0.1771398359
1355	0.9877418119	0.1767863613
1356	0.987837579	0.1766643091
1357	0.9880291132	0.1765401296
1358	0.987837579	0.1764278346
1359	0.9881248803	0.176248526
1360	0.9881248803	0.1760686728
1361	0.9881248803	0.1758895588
1362	0.9882206474	0.1757201191
1363	0.9881248803	0.1755574164
1364	0.9881248803	0.1753821139
1365	0.9885079487	0.1751341102
1366	0.9886994829	0.1749467229
1367	0.9886994829	0.1747741113
1368	0.9890825512	0.1746832716
1369	0.9891783183	0.1745304404
1370	0.9890825512	0.1743355698
1371	0.9890825512	0.1741605558
1372	0.9889867841	0.1739929383
1373	0.9890825512	0.1739276175
1374	0.9890825512	0.1737494868
1375	0.9890825512	0.1736125352
1376	0.9890825512	0.1734952273
1377	0.988891017	0.1733490284
1378	0.9889867841	0.173198521
1379	0.988891017	0.173090181
1380	0.988891017	0.1728588816
1381	0.98879525	0.1727849177
1382	0.98879525	0.172665794
1383	0.9890825512	0.1724549172
1384	0.9891783183	0.1723057453
1385	0.9893698525	0.1721472024
1386	0.9892740854	0.171927705
1387	0.9894656196	0.171786714
1388	0.9893698525	0.171561372
1389	0.9893698525	0.1714160048
1390	0.9892740854	0.1713343692
1391	0.9894656196	0.1712601738
1392	0.9894656196	0.171114539
1393	0.9897529209	0.170912294
1394	0.9896571538	0.1708053622
1395	0.989848688	0.1705621021
1396	0.9896571538	0.1703826929
1397	0.9896571538	0.1701953136
1398	0.9895613867	0.1700155567
1399	0.9897529209	0.169881906
1400	0.9899444551	0.1696460066
1401	0.9900402222	0.1694848821
1402	0.9900402222	0.1694006931
1403	0.9902317564	0.1692284827
1404	0.9903275235	0.1690222566
1405	0.9903275235	0.1688342478
1406	0.9902317564	0.1687018587
1407	0.9905190577	0.1685134553
1408	0.9903275235	0.1683756029
1409	0.9903275235	0.1682759278
1410	0.9904232906	0.1681775855
1411	0.9904232906	0.1679338107
1412	0.9907105918	0.167822272
1413	0.9908063589	0.1676695316
1414	0.990902126	0.167523044
1415	0.990902126	0.167411646
1416	0.9909978931	0.1672634849
1417	0.9909978931	0.1671429014
1418	0.9909978931	0.166989716
1419	0.9910936602	0.1668048105
1420	0.9909978931	0.1666809601
1421	0.9910936602	0.1665309755
1422	0.9911894273	0.1663634167
1423	0.9911894273	0.1662817152
1424	0.9910936602	0.1661290819
1425	0.9911894273	0.1660097552
1426	0.9911894273	0.1659153917
1427	0.9913809615	0.1655850452
1428	0.9913809615	0.1654118476
1429	0.9914767286	0.1652393671
1430	0.9915724957	0.1651299586
1431	0.9915724957	0.1650384156
1432	0.9914767286	0.1648508215
1433	0.9915724957	0.1647514433
1434	0.9915724957	0.1646694044
1435	0.9915724957	0.1645278684
1436	0.9914767286	0.1643905254
1437	0.9914767286	0.1642870716
1438	0.9914767286	0.1641296819
1439	0.9914767286	0.1640318807
1440	0.9914767286	0.1639207914
1441	0.9914767286	0.1637970293
1442	0.9914767286	0.1637212719
1443	0.9914767286	0.1635677923
1444	0.9913809615	0.1633910676
1445	0.9913809615	0.1632426538
1446	0.991859797	0.1630375737
1447	0.991859797	0.1628146874
1448	0.9917640299	0.1626173159
1449	0.9916682628	0.16248371
1450	0.9916682628	0.1623274079
1451	0.9916682628	0.1621266585
1452	0.9916682628	0.1620463901
1453	0.9917640299	0.1619143331
1454	0.9917640299	0.1617806905
1455	0.9919555641	0.1616577976
1456	0.9920513312	0.1614227974
1457	0.9921470983	0.1613106448
1458	0.9920513312	0.1612120993
1459	0.9920513312	0.1610412594
1460	0.9921470983	0.1608642278
1461	0.9920513312	0.160663411
1462	0.9919555641	0.1605134962
1463	0.9919555641	0.1604272261
1464	0.9922428654	0.1603133228
1465	0.9922428654	0.1602497326
1466	0.9922428654	0.1600651546
1467	0.9923386324	0.1599588438
1468	0.9923386324	0.1597982297
1469	0.9923386324	0.1597186196
1470	0.9924343995	0.159632122
1471	0.9924343995	0.1595358843
1472	0.9924343995	0.1594239213
1473	0.9924343995	0.1593122159
1474	0.9925301666	0.1592182978
1475	0.9925301666	0.1590758872
1476	0.9926259337	0.1589663434
1477	0.9926259337	0.1588665399
1478	0.9926259337	0.1587454355
1479	0.9928174679	0.1585672483
1480	0.9930090021	0.1584006457
1481	0.992913235	0.1582758244
1482	0.9930090021	0.1581148079
1483	0.992913235	0.158005311
1484	0.9928174679	0.1578319356
1485	0.9928174679	0.1576936792
1486	0.992913235	0.1575274623
1487	0.9928174679	0.1574257466
1488	0.9928174679	0.1572595302
1489	0.992913235	0.1571363421
1490	0.9932005363	0.1569693539
1491	0.9932005363	0.1568700962
1492	0.9933920705	0.1567068414
1493	0.9933920705	0.1565491154
1494	0.9933920705	0.1564621828
1495	0.9933920705	0.156378196
1496	0.9935836047	0.1562303449
1497	0.9934878376	0.156131092
1498	0.9933920705	0.1560193335
1499	0.9934878376	0.1558127461
1500	0.9935836047	0.1555872547
1501	0.9934878376	0.1554963803
1502	0.9935836047	0.1553553355
1503	0.9935836047	0.1552603427
1504	0.9935836047	0.1550415021
1505	0.9935836047	0.1548398511
1506	0.9935836047	0.1546896113
1507	0.9937751389	0.1545512458
1508	0.993870906	0.1543952594
1509	0.9939666731	0.1541653624
1510	0.9939666731	0.1540098032
1511	0.9939666731	0.1538601872
1512	0.9939666731	0.1537491462
1513	0.9939666731	0.1536661004
1514	0.993870906	0.153485371
1515	0.9940624401	0.1533154154
1516	0.9940624401	0.1531209759
1517	0.9940624401	0.1530374326
1518	0.9940624401	0.1528972691
1519	0.9940624401	0.1527262091
1520	0.9941582072	0.1526448833
1521	0.9941582072	0.1525339693
1522	0.9941582072	0.1523342151
1523	0.9940624401	0.1522543842
1524	0.9940624401	0.1521741893
1525	0.9940624401	0.1520838711
1526	0.9940624401	0.1519628991
1527	0.9940624401	0.1518760409
1528	0.9942539743	0.1516388233
1529	0.9942539743	0.1515140634
1530	0.9943497414	0.15138101
1531	0.9945412756	0.1512586842
1532	0.9945412756	0.1511794598
1533	0.9945412756	0.1510113361
1534	0.9944455085	0.1508706749
1535	0.9947328098	0.1506423346
1536	0.9947328098	0.1505355208
1537	0.9945412756	0.1504780711
1538	0.9946370427	0.1503482427
1539	0.9946370427	0.1502357561
1540	0.9946370427	0.1501383359
1541	0.9946370427	0.1500377091
1542	0.9947328098	0.149848384
1543	0.9947328098	0.1497424643
1544	0.9948285769	0.1496156471
1545	0.994924344	0.1494902692
1546	0.9950201111	0.1493044478
1547	0.9951158782	0.1492175994
1548	0.9951158782	0.1491027659
1549	0.9951158782	0.1489562341
1550	0.9951158782	0.1488467344
1551	0.9952116453	0.1487028159
1552	0.9951158782	0.1486044681
1553	0.9952116453	0.1484872323
1554	0.9952116453	0.1483773385
1555	0.9952116453	0.148282398
1556	0.9952116453	0.1481674793
1557	0.9951158782	0.1480570153
1558	0.9950201111	0.1478663604
1559	0.9951158782	0.1477795171
1560	0.9952116453	0.147657389
1561	0.9952116453	0.1475596414
1562	0.9954989466	0.1473856278
1563	0.9955947137	0.1472510181
1564	0.9956904808	0.1471433761
1565	0.9956904808	0.1470579769
1566	0.9956904808	0.1469037595
1567	0.9956904808	0.146807293
1568	0.9956904808	0.1467143042
1569	0.9955947137	0.1465526467
1570	0.9955947137	0.146457622
1571	0.9956904808	0.146319717
1572	0.9956904808	0.1461258425
1573	0.9956904808	0.145948939
1574	0.9956904808	0.1457957136
1575	0.9954989466	0.1456133188
1576	0.9955947137	0.145504572
1577	0.9956904808	0.1453790554
1578	0.9955947137	0.1452710982
1579	0.9956904808	0.1451017383
1580	0.9956904808	0.1450072778
1581	0.9956904808	0.144946012
1582	0.9957862478	0.1448243075
1583	0.9958820149	0.1446377492
1584	0.9958820149	0.1445331971
1585	0.9958820149	0.1444218788
1586	0.9958820149	0.1443242696
1587	0.995977782	0.1442261003
1588	0.9960735491	0.144170744
1589	0.9962650833	0.144021055
1590	0.9962650833	0.143920767
1591	0.9962650833	0.1438481197
1592	0.9963608504	0.143724642
1593	0.9963608504	0.1435416598
1594	0.9963608504	0.1434339413
1595	0.9965523846	0.1432894394
1596	0.9963608504	0.1431478519
1597	0.9964566175	0.1430353198
1598	0.9965523846	0.1429205723
1599	0.9965523846	0.1428121811
1600	0.9964566175	0.142678955
1601	0.9964566175	0.1426019987
1602	0.9964566175	0.142503641
1603	0.9965523846	0.1423511985
1604	0.9964566175	0.1422165801
1605	0.9966481517	0.1420790517
1606	0.9966481517	0.1419426223
1607	0.9966481517	0.1417534392
1608	0.9966481517	0.1415571292
1609	0.9965523846	0.141443699
1610	0.9965523846	0.1413020387
1611	0.9967439188	0.1412094364
1612	0.9968396859	0.1410960059
1613	0.996935453	0.1409350725
1614	0.996935453	0.1407969087
1615	0.996935453	0.1406496173
1616	0.996935453	0.1405663277
1617	0.996935453	0.1405013201
1618	0.996935453	0.1403894435
1619	0.996935453	0.1402858357
1620	0.996935453	0.1402047981
1621	0.996935453	0.1401495971
1622	0.9968396859	0.1400352633
1623	0.9968396859	0.1399478307
1624	0.996935453	0.139851442
1625	0.9970312201	0.139733612
1626	0.9970312201	0.1395784377
1627	0.9971269872	0.1394870776
1628	0.9970312201	0.1393429074
1629	0.9970312201	0.1392044853
1630	0.9970312201	0.1391040428
1631	0.996935453	0.1389991306
1632	0.996935453	0.1388736223
1633	0.996935453	0.1387581962
1634	0.996935453	0.1386552199
1635	0.9970312201	0.1385774758
1636	0.9971269872	0.1384616321
1637	0.9972227543	0.1383718903
1638	0.9971269872	0.1382853487
1639	0.9972227543	0.1381353505
1640	0.9972227543	0.1380094996
1641	0.9972227543	0.1378903564
1642	0.9972227543	0.1378231791
1643	0.9972227543	0.1376954175
1644	0.9972227543	0.1375320129
1645	0.9972227543	0.1374163508
1646	0.9972227543	0.1373087781
1647	0.9972227543	0.1371649194
1648	0.9972227543	0.1370547288
1649	0.9972227543	0.1369724105
1650	0.9971269872	0.1368346146
1651	0.9971269872	0.1366926558
1652	0.9971269872	0.1365991637
1653	0.9971269872	0.136519484
1654	0.9971269872	0.1364080331
1655	0.9970312201	0.1362977657
1656	0.9970312201	0.1361878721
1657	0.9971269872	0.1359950345
1658	0.9973185214	0.1358801506
1659	0.9973185214	0.1357866512
1660	0.9974142885	0.1356485136
1661	0.9973185214	0.1355557344
1662	0.9973185214	0.1354336682
1663	0.9973185214	0.135348595
1664	0.9973185214	0.1352425648
1665	0.9973185214	0.1350906795
1666	0.9972227543	0.1349412415
1667	0.9973185214	0.1348385318
1668	0.9973185214	0.134755136
1669	0.9973185214	0.1346703784
1670	0.9974142885	0.1345985628
1671	0.9974142885	0.1344963263
1672	0.9973185214	0.1343424799
1673	0.9973185214	0.1342474596
1674	0.9975100555	0.134086734
1675	0.9975100555	0.1339638301
1676	0.9975100555	0.1338333972
1677	0.9975100555	0.1337047108
1678	0.9974142885	0.1335743988
1679	0.9975100555	0.1334918103
1680	0.9975100555	0.133429296
1681	0.9975100555	0.1333247681
1682	0.9975100555	0.1331909357
1683	0.9975100555	0.1330925448
1684	0.9975100555	0.1329805886
1685	0.9975100555	0.1328793368
1686	0.9975100555	0.1327744568
1687	0.9975100555	0.1326449946
1688	0.9975100555	0.1325554485
1689	0.9975100555	0.1325187945
1690	0.9975100555	0.1324327522
1691	0.9975100555	0.1323342734
1692	0.9975100555	0.1322184616
1693	0.9976058226	0.1320791494
1694	0.9976058226	0.1319621197
1695	0.9976058226	0.1318396365
1696	0.9976058226	0.1317472058
1697	0.9977015897	0.1316321946
1698	0.9977015897	0.1315589196
1699	0.9977015897	0.1314475246
1700	0.9977015897	0.1313526685
1701	0.9978931239	0.1311694804
1702	0.9978931239	0.1310505276
1703	0.9978931239	0.1309742877
1704	0.9978931239	0.130903352
1705	0.9978931239	0.130829818
1706	0.9978931239	0.1307197289
1707	0.9978931239	0.130581875
1708	0.9978931239	0.1304973759
1709	0.9978931239	0.1304114555
1710	0.9978931239	0.1303261647
1711	0.9978931239	0.1301899492
1712	0.9977973568	0.1300616721
1713	0.9977973568	0.1299655015
1714	0.9977973568	0.1298567438
1715	0.9978931239	0.1296526186
1716	0.9978931239	0.1295315766
1717	0.997988891	0.1294222258
1718	0.997988891	0.1293546043
1719	0.9980846581	0.1292412222
1720	0.9980846581	0.1290999839
1721	0.9980846581	0.1289627838
1722	0.9980846581	0.1288824052
1723	0.9980846581	0.128803184
1724	0.9980846581	0.1287415181
1725	0.9980846581	0.1286470207
1726	0.9981804252	0.1284955677
1727	0.9981804252	0.1283793355
1728	0.9981804252	0.1282632509
1729	0.9981804252	0.1282053184
1730	0.9982761923	0.1280982152
1731	0.9982761923	0.1280085267
1732	0.9982761923	0.1278537434
1733	0.9982761923	0.1278048435
1734	0.9982761923	0.1277052973
1735	0.9982761923	0.1276199082
1736	0.9982761923	0.1275023162
1737	0.9982761923	0.1274124385
1738	0.9982761923	0.1272453524
1739	0.9982761923	0.1271404681
1740	0.9982761923	0.1270007122
1741	0.9982761923	0.1268817994
1742	0.9982761923	0.1267949994
1743	0.9982761923	0.1267203183
1744	0.9982761923	0.1266275256
1745	0.9982761923	0.1265478632
1746	0.9982761923	0.1264209109
1747	0.9982761923	0.1263320573
1748	0.9982761923	0.1261981133
1749	0.9982761923	0.126051626
1750	0.9982761923	0.1259613562
1751	0.9982761923	0.1258511676
1752	0.9982761923	0.1257291525
1753	0.9981804252	0.1256209665
1754	0.9981804252	0.1255567303
1755	0.9982761923	0.125444218
1756	0.9982761923	0.1252811271
1757	0.9982761923	0.1251582053
1758	0.9982761923	0.1250092104
1759	0.9983719594	0.1249256702
1760	0.9983719594	0.1248048142
1761	0.9983719594	0.1246844857
1762	0.9983719594	0.1245622603
1763	0.9983719594	0.1244305182
1764	0.9983719594	0.1242790635
1765	0.9983719594	0.1241801433
1766	0.9983719594	0.1240804384
1767	0.9983719594	0.123956441
1768	0.9984677265	0.1238384867
1769	0.9984677265	0.1237329902
1770	0.9984677265	0.1236569927
1771	0.9984677265	0.1235494465
1772	0.9984677265	0.1234160732
1773	0.9984677265	0.1233312714
1774	0.9984677265	0.1232182461
1775	0.9984677265	0.1231091906
1776	0.9984677265	0.1230332909
1777	0.9984677265	0.1228856349
1778	0.9984677265	0.122820355
1779	0.9984677265	0.1227367827
1780	0.9984677265	0.122625349
1781	0.9984677265	0.1225694786
1782	0.9984677265	0.1224864665
1783	0.9984677265	0.1224176292
1784	0.9984677265	0.1223733133
1785	0.9984677265	0.1223129054
1786	0.9985634936	0.1222034877
1787	0.9985634936	0.1221310922
1788	0.9985634936	0.1220584974
1789	0.9984677265	0.1218639223
1790	0.9984677265	0.1217958811
1791	0.9985634936	0.1216103582
1792	0.9985634936	0.1214903101
1793	0.9985634936	0.1214170913
1794	0.9985634936	0.1213524617
1795	0.9985634936	0.1212489349
1796	0.9985634936	0.1211373415
1797	0.9985634936	0.1210666294
1798	0.9985634936	0.1209757791
1799	0.9985634936	0.1208150415
1800	0.9985634936	0.1207834573
1801	0.9985634936	0.1206717526
1802	0.9986592607	0.1205571274
1803	0.9986592607	0.1204139382
1804	0.9986592607	0.1203601073
1805	0.9986592607	0.120271928
1806	0.9986592607	0.1201576732
1807	0.9986592607	0.1200337635
1808	0.9986592607	0.1199556872
1809	0.9986592607	0.1198858664
1810	0.9986592607	0.1198169548
1811	0.9986592607	0.1196709454
1812	0.9987550278	0.1195881593
1813	0.9987550278	0.1194762235
1814	0.9987550278	0.1193478909
1815	0.9987550278	0.1192490308
1816	0.9987550278	0.119161329
1817	0.9987550278	0.1190705001
1818	0.9988507949	0.1189460807
1819	0.9988507949	0.1188382059
1820	0.9988507949	0.1187515419
1821	0.9988507949	0.1186636312
1822	0.9988507949	0.1185415006
1823	0.9988507949	0.1184698347
1824	0.9988507949	0.1183385615
1825	0.9988507949	0.1182595593
1826	0.9988507949	0.1181470425
1827	0.9988507949	0.1180405242
1828	0.9988507949	0.1179822284
1829	0.9988507949	0.1178112085
1830	0.9988507949	0.1177496407
1831	0.9988507949	0.1176531519
1832	0.9988507949	0.1175851124
1833	0.9988507949	0.117507708
1834	0.998946562	0.1173858995
1835	0.998946562	0.1173319138
1836	0.998946562	0.1172494535
1837	0.998946562	0.1171479507
1838	0.998946562	0.117083368
1839	0.998946562	0.117012337
1840	0.998946562	0.1168662761
1841	0.998946562	0.116808216
1842	0.998946562	0.1166423109
1843	0.998946562	0.1165316054
1844	0.998946562	0.1164090154
1845	0.998946562	0.1163041835
1846	0.998946562	0.116227707
1847	0.998946562	0.1161253335
1848	0.998946562	0.1160383292
1849	0.998946562	0.1159928864
1850	0.998946562	0.1158338554
1851	0.998946562	0.1157529146
1852	0.998946562	0.1156562415
1853	0.998946562	0.115604501
1854	0.998946562	0.1154100704
1855	0.998946562	0.1153582195
1856	0.998946562	0.1152603047
1857	0.998946562	0.1152008105
1858	0.998946562	0.1151276155
1859	0.998946562	0.1150404543
1860	0.998946562	0.1149036634
1861	0.998946562	0.1148337927
1862	0.9990423291	0.1147703109
1863	0.9990423291	0.114646831
1864	0.9990423291	0.1145450921
1865	0.9990423291	0.114450072
1866	0.9990423291	0.1143573015
1867	0.9990423291	0.1142633733
1868	0.9990423291	0.1141723248
1869	0.9990423291	0.1141145096
1870	0.9990423291	0.1140297183
1871	0.9990423291	0.1139344256
1872	0.9990423291	0.1137860796
1873	0.9990423291	0.1136717232
1874	0.9990423291	0.113540964
1875	0.9990423291	0.1134423424
1876	0.9990423291	0.1133727472
1877	0.9990423291	0.1132228468
1878	0.9990423291	0.1130709915
1879	0.9990423291	0.1129420642
1880	0.9990423291	0.112860087
1881	0.9990423291	0.1127875412
1882	0.9990423291	0.1126966214
1883	0.9990423291	0.1126052864
1884	0.9990423291	0.1125102033
1885	0.9990423291	0.1124008676
1886	0.9990423291	0.112299784
1887	0.9990423291	0.1121989756
1888	0.9990423291	0.1121101178
1889	0.9990423291	0.1119508695
1890	0.9990423291	0.1118340168
1891	0.9990423291	0.1117543028
1892	0.9990423291	0.1116666758
1893	0.9990423291	0.1116059867
1894	0.9990423291	0.1115167893
1895	0.9990423291	0.1114186185
1896	0.9991380962	0.1112951597
1897	0.9991380962	0.1111476818
1898	0.9990423291	0.1110343506
1899	0.9990423291	0.1109424717
1900	0.9991380962	0.1108546948
1901	0.9991380962	0.1107932334
1902	0.9992338632	0.1106827789
1903	0.9992338632	0.1106025579
1904	0.9992338632	0.1105196972
1905	0.9992338632	0.1104602311
1906	0.9992338632	0.110388868
1907	0.9992338632	0.1102995694
1908	0.9992338632	0.1102091514
1909	0.9992338632	0.1101291622
1910	0.9992338632	0.1100797733
1911	0.9992338632	0.1099380809
1912	0.9992338632	0.1098524664
1913	0.9992338632	0.1097582322
1914	0.9992338632	0.109685573
1915	0.9992338632	0.1095577118
1916	0.9992338632	0.1094955603
1917	0.9992338632	0.1094100017
1918	0.9992338632	0.1093604631
1919	0.9992338632	0.1093103536
1920	0.9992338632	0.1092717446
1921	0.9992338632	0.1091989039
1922	0.9992338632	0.109118548
1923	0.9992338632	0.1090161949
1924	0.9992338632	0.1089377592
1925	0.9992338632	0.108849165
1926	0.9992338632	0.1087967529
1927	0.9992338632	0.1087088454
1928	0.9992338632	0.1086217094
1929	0.9992338632	0.1085181254
1930	0.9993296303	0.1083775713
1931	0.9993296303	0.1082536688
1932	0.9993296303	0.1081537649
1933	0.9993296303	0.1080768484
1934	0.9993296303	0.1079866039
1935	0.9993296303	0.1078652948
1936	0.9993296303	0.1078195636
1937	0.9993296303	0.1077554497
1938	0.9994253974	0.1076748003
1939	0.9994253974	0.1075831275
1940	0.9994253974	0.1075209349
1941	0.9994253974	0.1074104002
1942	0.9994253974	0.1073363569
1943	0.9994253974	0.1072502506
1944	0.9994253974	0.1071560314
1945	0.9994253974	0.1070711483
1946	0.9994253974	0.1069885248
1947	0.9994253974	0.1068928255
1948	0.9994253974	0.1067972147
1949	0.9994253974	0.1066952569
1950	0.9994253974	0.1065812222
1951	0.9994253974	0.1065126229
1952	0.9994253974	0.1064691885
1953	0.9994253974	0.1063685059
1954	0.9994253974	0.1062622769
1955	0.9994253974	0.1061808302
1956	0.9994253974	0.1060755687
1957	0.9994253974	0.1059988528
1958	0.9994253974	0.1059160876
1959	0.9995211645	0.1058492231
1960	0.9995211645	0.1057612334
1961	0.9995211645	0.1056695466
1962	0.9995211645	0.1055859476
1963	0.9995211645	0.1054723786
1964	0.9995211645	0.1054079196
1965	0.9995211645	0.1052993524
1966	0.9995211645	0.1052339541
1967	0.9995211645	0.1051393271
1968	0.9995211645	0.1050540679
1969	0.9995211645	0.1049629699
1970	0.9995211645	0.1048957161
1971	0.9995211645	0.1047560491
1972	0.9995211645	0.1046708512
1973	0.9995211645	0.1045965562
1974	0.9995211645	0.104506077
1975	0.9995211645	0.1044286174
1976	0.9995211645	0.1043196516
1977	0.9995211645	0.1042313805
1978	0.9996169316	0.1041287324
1979	0.9996169316	0.1040432336
1980	0.9996169316	0.1039449846
1981	0.9996169316	0.1038932451
1982	0.9996169316	0.1038249187
1983	0.9996169316	0.1037588864
1984	0.9996169316	0.1036944755
1985	0.9996169316	0.1036083738
1986	0.9996169316	0.1035126643
1987	0.9996169316	0.1033420229
1988	0.9996169316	0.1032708225
1989	0.9996169316	0.1031860401
1990	0.9996169316	0.1031062156
1991	0.9996169316	0.1030083936
1992	0.9996169316	0.1029225135
1993	0.9996169316	0.1028306808
1994	0.9996169316	0.1027546503
1995	0.9996169316	0.1026155888
1996	0.9996169316	0.1025493368
1997	0.9996169316	0.1024542727
1998	0.9996169316	0.1023152801
1999	0.9996169316	0.1022527822
2000	0.9996169316	0.1021730664
2001	0.9996169316	0.1021246246
2002	0.9996169316	0.1019852177
2003	0.9996169316	0.101863321
2004	0.9996169316	0.1017469682
2005	0.9996169316	0.1017003042
2006	0.9996169316	0.101578865
2007	0.9996169316	0.1015093266
2008	0.9996169316	0.1013722599
2009	0.9996169316	0.1013013251
2010	0.9996169316	0.1012443814
2011	0.9996169316	0.1011359088
2012	0.9996169316	0.1010346262
2013	0.9996169316	0.1009517884
2014	0.9996169316	0.1008423242
2015	0.9996169316	0.1008089378
2016	0.9996169316	0.1006937419
2017	0.9996169316	0.1006233197
2018	0.9996169316	0.1005714343
2019	0.9996169316	0.1005168706
2020	0.9996169316	0.1004372471
2021	0.9996169316	0.10034093
2022	0.9996169316	0.1002563947
2023	0.9996169316	0.1001918069
2024	0.9996169316	0.1001381359
2025	0.9996169316	0.1000254793
2026	0.9996169316	0.09994229497
2027	0.9996169316	0.09985551759
2028	0.9996169316	0.0997576675
2029	0.9996169316	0.09967520886
2030	0.9996169316	0.09959434099
2031	0.9996169316	0.09953185319
2032	0.9996169316	0.09949341813
2033	0.9996169316	0.09943880414
2034	0.9996169316	0.09936855972
2035	0.9996169316	0.0993208146
2036	0.9996169316	0.09927688699
2037	0.9996169316	0.09921732707
2038	0.9996169316	0.09915568979
2039	0.9996169316	0.09910142878
2040	0.9996169316	0.09900598631
2041	0.9996169316	0.09887730051
2042	0.9996169316	0.09882658123
2043	0.9996169316	0.09877399148
2044	0.9996169316	0.09871243532
2045	0.9996169316	0.09865385847
2046	0.9996169316	0.09857854795
2047	0.9996169316	0.09849052975
2048	0.9996169316	0.09841645108
2049	0.9996169316	0.09833197893
2050	0.9996169316	0.09825039683
2051	0.9996169316	0.0981348351
2052	0.9996169316	0.09805682927
2053	0.9996169316	0.09798174129
2054	0.9996169316	0.09790740878
2055	0.9996169316	0.09780992445
2056	0.9996169316	0.09770783063
2057	0.9996169316	0.09762095399
2058	0.9996169316	0.09751908296
2059	0.9996169316	0.09747005794
2060	0.9996169316	0.09739355327
2061	0.9996169316	0.09734588642
2062	0.9996169316	0.09725548193
2063	0.9996169316	0.09717253487
2064	0.9996169316	0.09712916476
2065	0.9996169316	0.0970614787
2066	0.9996169316	0.09693713619
2067	0.9996169316	0.09688395048
2068	0.9996169316	0.09682016668
2069	0.9996169316	0.09675546912
2070	0.9996169316	0.09669020471
2071	0.9996169316	0.09662020958
2072	0.9996169316	0.09656887113
2073	0.9996169316	0.09651323494
2074	0.9996169316	0.0964546765
2075	0.9996169316	0.09637421864
2076	0.9996169316	0.09629283193
2077	0.9996169316	0.09623143239
2078	0.9996169316	0.09608325051
2079	0.9996169316	0.09601115817
2080	0.9996169316	0.09595707792
2081	0.9996169316	0.09586208118
2082	0.9996169316	0.09577878559
2083	0.9996169316	0.09565856756
2084	0.9996169316	0.09557242752
2085	0.9996169316	0.09551736361
2086	0.9996169316	0.09546445248
2087	0.9996169316	0.09539682049
2088	0.9996169316	0.09534146433
2089	0.9996169316	0.09527872841
2090	0.9996169316	0.09523332745
2091	0.9996169316	0.09512061436
2092	0.9996169316	0.09500735415
2093	0.9996169316	0.09490287471
2094	0.9997126987	0.09484763839
2095	0.9997126987	0.09479137718
2096	0.9997126987	0.09473596853
2097	0.9997126987	0.09468891183
2098	0.9997126987	0.09464651597
2099	0.9997126987	0.09458451768
2100	0.9997126987	0.09450297188
2101	0.9997126987	0.09439886786
2102	0.9997126987	0.09429781552
2103	0.9997126987	0.09417343306
2104	0.9997126987	0.09412289593
2105	0.9997126987	0.09407522829
2106	0.9997126987	0.09396982651
2107	0.9997126987	0.09392054905
2108	0.9997126987	0.09381757857
2109	0.9997126987	0.09376698812
2110	0.9997126987	0.09368675333
2111	0.9997126987	0.09362168953
2112	0.9997126987	0.09354760608
2113	0.9997126987	0.09348081986
2114	0.9997126987	0.09339901591
2115	0.9997126987	0.0932950564
2116	0.9997126987	0.09325354039
2117	0.9997126987	0.09316205782
2118	0.9997126987	0.09308300167
2119	0.9997126987	0.09298616372
2120	0.9997126987	0.09292459952
2121	0.9997126987	0.09287245463
2122	0.9997126987	0.09278493188
2123	0.9997126987	0.09272391393
2124	0.9997126987	0.09267738263
2125	0.9997126987	0.09256973682
2126	0.9997126987	0.09247562153
2127	0.9997126987	0.09239293095
2128	0.9997126987	0.09234227511
2129	0.9997126987	0.09224616239
2130	0.9997126987	0.09217517532
2131	0.9997126987	0.09213625164
2132	0.9997126987	0.0920810228
2133	0.9997126987	0.09199560011
2134	0.9997126987	0.09192600172
2135	0.9997126987	0.09188716706
2136	0.9997126987	0.091813557
2137	0.9997126987	0.09175379775
2138	0.9997126987	0.09168839101
2139	0.9997126987	0.09160471018
2140	0.9997126987	0.09154557119
2141	0.9997126987	0.09149509855
2142	0.9997126987	0.09138597402
2143	0.9997126987	0.09132409792
2144	0.9997126987	0.09123321674
2145	0.9997126987	0.09115915054
2146	0.9997126987	0.09105843135
2147	0.9997126987	0.09100049666
2148	0.9997126987	0.09093649879
2149	0.9997126987	0.09082660528
2150	0.9997126987	0.09073862507
2151	0.9997126987	0.09067139556
2152	0.9997126987	0.09061482387
2153	0.9997126987	0.09055804018
2154	0.9997126987	0.09050857461
2155	0.9997126987	0.09041041574
2156	0.9997126987	0.090345231
2157	0.9997126987	0.09030145349
2158	0.9997126987	0.09023433666
2159	0.9997126987	0.09014935407
2160	0.9997126987	0.09005623018
2161	0.9997126987	0.08998626651
2162	0.9997126987	0.08991936876
2163	0.9997126987	0.08985541949
2164	0.9997126987	0.08978572246
2165	0.9997126987	0.08971959973
2166	0.9997126987	0.08967315395
2167	0.9997126987	0.0895469526
2168	0.9997126987	0.0894674975
2169	0.9997126987	0.08940941255
2170	0.9997126987	0.08930348057
2171	0.9997126987	0.08922754841
2172	0.9997126987	0.08914589645
2173	0.9997126987	0.08909412744
2174	0.9997126987	0.08903021646
2175	0.9997126987	0.08897824875
2176	0.9997126987	0.08893019673
2177	0.9997126987	0.08883424411
2178	0.9997126987	0.08875302373
2179	0.9997126987	0.08867250384
2180	0.9997126987	0.08857246779
2181	0.9997126987	0.08851116695
2182	0.9997126987	0.08845800364
2183	0.9997126987	0.08838795895
2184	0.9997126987	0.08829642759
2185	0.9997126987	0.08821094718
2186	0.9997126987	0.08813961798
2187	0.9997126987	0.08808340864
2188	0.9997126987	0.08802726227
2189	0.9997126987	0.08795770948
2190	0.9997126987	0.08789878359
2191	0.9997126987	0.08783056163
2192	0.9997126987	0.08778960054
2193	0.9997126987	0.08774601313
2194	0.9997126987	0.08769931433
2195	0.9997126987	0.08763804067
2196	0.9997126987	0.08756717338
2197	0.9997126987	0.08752265386
2198	0.9997126987	0.08741765705
2199	0.9997126987	0.08739225998
2200	0.9997126987	0.08731068152
2201	0.9997126987	0.08725160326
2202	0.9997126987	0.08717117087
2203	0.9997126987	0.08712762081
2204	0.9997126987	0.08705706662
2205	0.9997126987	0.08700007238
2206	0.9997126987	0.08697351513
2207	0.9997126987	0.08693088326
2208	0.9998084658	0.08685995262
2209	0.9998084658	0.08677445744
2210	0.9998084658	0.08672181392
2211	0.9998084658	0.0866775135
2212	0.9998084658	0.08662612671
2213	0.9998084658	0.0865354636
2214	0.9998084658	0.08649179935
2215	0.9998084658	0.08639778924
2216	0.9998084658	0.08633406359
2217	0.9998084658	0.08627337635
2218	0.9998084658	0.08621537138
2219	0.9998084658	0.08613430237
2220	0.9998084658	0.08604516173
2221	0.9998084658	0.08598085465
2222	0.9998084658	0.08592316541
2223	0.9998084658	0.08579203509
2224	0.9998084658	0.08570345773
2225	0.9998084658	0.08564901725
2226	0.9998084658	0.08558713815
2227	0.9998084658	0.08551688428
2228	0.9998084658	0.08548588518
2229	0.9998084658	0.08542027356
2230	0.9998084658	0.08534647634
2231	0.9998084658	0.08530525989
2232	0.9998084658	0.08524824462
2233	0.9998084658	0.08518872974
2234	0.9999042329	0.08509980626
2235	0.9999042329	0.08505132766
2236	0.9999042329	0.0850206896
2237	0.9999042329	0.08496317912
2238	0.9999042329	0.08488663676
2239	0.9999042329	0.08481698177
2240	0.9999042329	0.08473309971
2241	0.9999042329	0.08465663369
2242	0.9999042329	0.08459036931
2243	0.9999042329	0.08452101551
2244	0.9999042329	0.08443455828
2245	0.9999042329	0.08436307207
2246	0.9999042329	0.0842721934
2247	0.9999042329	0.08419898923
2248	0.9999042329	0.08414852496
2249	0.9999042329	0.08409389142
2250	0.9999042329	0.08401407186
2251	0.9999042329	0.08395502304
2252	0.9999042329	0.08385559644
2253	0.9999042329	0.08380880381
2254	0.9999042329	0.08372729523
2255	0.9999042329	0.08366156109
2256	0.9999042329	0.0836308424
2257	0.9999042329	0.08350649165
2258	0.9999042329	0.08343590443
2259	0.9999042329	0.08337230573
2260	0.9999042329	0.08327517686
2261	0.9999042329	0.0831880515
2262	0.9999042329	0.08312402444
2263	0.9999042329	0.08308479808
2264	0.9999042329	0.08304575588
2265	0.9999042329	0.08297264743
2266	0.9999042329	0.08287919046
2267	0.9999042329	0.08281450696
2268	0.9999042329	0.08275024345
2269	0.9999042329	0.08269238916
2270	0.9999042329	0.08258983433
2271	0.9999042329	0.08252518044
2272	0.9999042329	0.08244334578
2273	0.9999042329	0.08234822993
2274	0.9999042329	0.08227292807
2275	0.9999042329	0.08222066132
2276	0.9999042329	0.08214545961
2277	0.9999042329	0.08209738414
2278	0.9999042329	0.08204587479
2279	0.9999042329	0.08197696186
2280	0.9999042329	0.08189691951
2281	0.9999042329	0.08183294857
2282	0.9999042329	0.08179720348
2283	1	0.08174410065
2284	0.9999042329	0.08167120071
2285	1	0.08158956549
2286	1	0.08154577895
2287	1	0.08148865919
2288	1	0.08141187797
2289	1	0.08134321836
2290	1	0.08128926367
2291	1	0.08122299413
2292	1	0.08115513508
2293	1	0.08105749892
2294	1	0.08100009063
2295	1	0.08092305765
2296	1	0.08084798819
2297	1	0.08077089132
2298	1	0.08072590461
2299	1	0.08066204375
2300	1	0.08062074423
2301	1	0.0804931105
2302	1	0.08045474525
2303	0.9999042329	0.08036258999
2304	1	0.08031586631
2305	1	0.08023672115
2306	1	0.08019311606
2307	1	0.08009614806
2308	1	0.08002454001
2309	1	0.07999585395
2310	1	0.07993600301
2311	1	0.07986627535
2312	1	0.07981571403
2313	1	0.07974519851
2314	1	0.07968438028
2315	1	0.07963610916
2316	1	0.07957878181
2317	1	0.07952536291
2318	1	0.07946110473
2319	1	0.07939845779
2320	1	0.07936255191
2321	1	0.07930037012
2322	1	0.07925360458
2323	1	0.07920462279
2324	1	0.07915549414
2325	1	0.07909295021
2326	1	0.07898377429
2327	1	0.07887043057
2328	1	0.07877583687
2329	1	0.07872023747
2330	1	0.07868402578
2331	1	0.07862191036
2332	1	0.0785694746
2333	1	0.07846080905
2334	1	0.07838883787
2335	1	0.0783538083
2336	1	0.07827647414
2337	1	0.07821232096
2338	1	0.07815746827
2339	1	0.07807604869
2340	1	0.07800269497
2341	1	0.07793466224
2342	1	0.07787216449
2343	1	0.07784257699
2344	1	0.07780013931
2345	1	0.07768855961
2346	1	0.07763144168
2347	1	0.07754962243
2348	1	0.07748474532
2349	1	0.07742879863
2350	1	0.07736029919
2351	1	0.07731568183
2352	1	0.07726281088
2353	1	0.07719311271
2354	1	0.07713752474
2355	1	0.07706926878
2356	1	0.07695685319
2357	1	0.07684677477
2358	1	0.07678981492
2359	1	0.07675295791
2360	1	0.07666355395
2361	1	0.07658266248
2362	1	0.07653745606
2363	1	0.07647680663
2364	1	0.0763839623
2365	1	0.0763046252
2366	1	0.07624872334
2367	1	0.07618588657
2368	1	0.07611417803
2369	1	0.07605767467
2370	1	0.0760247168
2371	1	0.07598624542
2372	1	0.07592363637
2373	1	0.07588830299
2374	1	0.07579432336
2375	1	0.07573670192
2376	1	0.07568596266
2377	1	0.07566093399
2378	1	0.07563734432
2379	1	0.07558247837
2380	1	0.07551316651
2381	1	0.07546019026
2382	1	0.07539693971
2383	1	0.07537173008
2384	1	0.0752633672
2385	1	0.07521209348
2386	1	0.07516176776
2387	1	0.07511790678
2388	1	0.07506071381
2389	1	0.07501217413
2390	1	0.07495402321
2391	1	0.07490715973
2392	1	0.07484731399
2393	1	0.07476866291
2394	1	0.07469802632
2395	1	0.07463607899
2396	1	0.07457970256
2397	1	0.07448858847
2398	1	0.074414845
2399	1	0.07436166416
2400	1	0.07431503104
2401	1	0.07425515603
2402	1	0.07421473002
2403	1	0.0741483512
2404	1	0.07409033198
2405	1	0.07399367762
2406	1	0.07394725814
2407	1	0.07388675995
2408	1	0.07379874116
2409	1	0.07370994736
2410	1	0.07364332246
2411	1	0.07357436503
2412	1	0.07352383395
2413	1	0.07346644294
2414	1	0.07339534254
2415	1	0.07334267472
2416	1	0.07327037011
2417	1	0.07318538393
2418	1	0.07312378443
2419	1	0.07304674727
2420	1	0.07301244456
2421	1	0.07297425528
2422	1	0.07291684495
2423	1	0.07285631555
2424	1	0.07279016162
2425	1	0.07275439155
2426	1	0.07270100038
2427	1	0.07261814491
2428	1	0.07253873726
2429	1	0.07247964853
2430	1	0.07242469559
2431	1	0.07238207881
2432	1	0.07233716183
2433	1	0.07231137363
2434	1	0.07224616999
2435	1	0.07221916325
2436	1	0.07217779893
2437	1	0.07212885355
2438	1	0.07203867385
2439	1	0.07197987392
2440	1	0.07193160958
2441	1	0.07188251877
2442	1	0.07181439854
2443	1	0.07177357047
2444	1	0.07172927145
2445	1	0.07165599613
2446	1	0.07160361637
2447	1	0.07154615408
2448	1	0.07149090276
2449	1	0.07144563854
2450	1	0.07137476731
2451	1	0.07130724044
2452	1	0.07123940129
2453	1	0.07118828712
2454	1	0.07115075935
2455	1	0.07110855189
2456	1	0.07106274954
2457	1	0.07102333907
2458	1	0.07097011107
2459	1	0.07091179699
2460	1	0.07086782049
2461	1	0.07077996371
2462	1	0.07074104038
2463	1	0.07068394105
2464	1	0.0706392738
2465	1	0.0705798569
2466	1	0.07053421967
2467	1	0.07045701218
2468	1	0.0704082804
2469	1	0.0703160469
2470	1	0.07025626965
2471	1	0.070215911
2472	1	0.0701848527
2473	1	0.07013919415
2474	1	0.07007124669
2475	1	0.07002629245
2476	1	0.06999334452
2477	1	0.06992168097
2478	1	0.06987568287
2479	1	0.06982177037
2480	1	0.06976459705
2481	1	0.06968814048
2482	1	0.06964859409
2483	1	0.06960663507
2484	1	0.06952956733
2485	1	0.06949000338
2486	1	0.06945417765
2487	1	0.06938717276
2488	1	0.06933564277
2489	1	0.06929136544
2490	1	0.06924579272
2491	1	0.06918118248
2492	1	0.06913057155
2493	1	0.06907508927
2494	1	0.06900009573
2495	1	0.06896069912
2496	1	0.06890634733
2497	1	0.06887235902
2498	1	0.06882792839
2499	1	0.06877296307
