id,nforest_type
13467,DEF
12719,DDF
1054,MDF
13747,MDF
9453,MDF
8491,MDF
4410,DDF
12926,MDF
14844,MDF
3555,MDF
3506,MDF
15465,MDF
7198,MDF
15479,MDF
911,MDF
13040,MDF
11060,MDF
6218,MDF
794,MDF
4221,MDF
3906,MDF
5710,MDF
13414,MDF
5045,MDF
7717,MDF
10124,MDF
13723,MDF
225,MDF
11393,MDF
11156,MDF
7828,MDF
16078,MDF
901,DDF
13753,MDF
7914,MDF
15252,MDF
14722,MDF
16328,MDF
10756,MDF
8437,MDF
8275,MDF
364,MDF
15164,MDF
2011,MDF
1939,MDF
2845,MDF
7624,MDF
8670,MDF
3730,MDF
8921,MDF
9143,MDF
426,MDF
14341,MDF
7552,MDF
3606,MDF
11442,MDF
1866,MDF
16889,MDF
13600,MDF
16006,MDF
13949,MDF
3586,MDF
10530,MDF
2595,MDF
15280,MDF
11065,MDF
9348,MDF
10368,MDF
7961,MDF
5422,MDF
5903,MDF
9412,MDF
10590,MDF
2700,MDF
8772,MDF
4498,MDF
8815,MDF
3406,MDF
1163,MDF
11121,MDF
816,MDF
2675,MDF
4818,MDF
9084,MDF
5537,MDF
3483,MDF
4469,MDF
11419,MDF
141,MDF
892,MDF
10993,MDF
3569,MDF
6445,MDF
11342,MDF
16022,MDF
4288,MDF
265,MDF
3172,MDF
9175,MDF
7018,MDF
6678,MDF
7767,MDF
4992,MDF
15195,MDF
1965,MDF
14748,MDF
16351,MDF
13816,MDF
1314,MDF
2804,MDF
1792,MDF
10948,MDF
12611,MDF
7121,MDF
11012,MDF
16034,MDF
10183,MDF
9316,MDF
14743,MDF
16880,MDF
11249,MDF
4176,MDF
4330,MDF
2331,MDF
2035,MDF
10730,MDF
5841,MDF
2687,MDF
9284,MDF
5003,MDF
13921,MDF
8217,MDF
11834,MDF
8787,MDF
5828,MDF
905,MDF
13208,MDF
6240,MDF
294,MDF
4604,MDF
2633,MDF
8762,MDF
13478,MDF
14415,MDF
9062,MDF
8324,MDF
3214,MDF
3595,DDF
15555,MDF
9398,MDF
4802,MDF
9173,MDF
14643,MDF
10141,MDF
9344,DDF
7010,MDF
11649,MDF
11961,MDF
13848,MDF
14685,MDF
5971,MDF
6505,MDF
13460,MDF
11080,MDF
769,MDF
13359,MDF
13082,MDF
784,MDF
6324,MDF
12337,MDF
15061,MDF
9322,MDF
15827,MDF
13120,DDF
15210,MDF
9857,MDF
4954,MDF
6769,MDF
9169,MDF
3816,MDF
13420,MDF
16268,MDF
10454,MDF
6381,MDF
11909,MDF
10732,MDF
1953,MDF
11936,MDF
15092,MDF
9951,MDF
9025,MDF
16893,MDF
4775,MDF
7065,MDF
2041,MDF
9635,MDF
16634,MDF
14434,MDF
6971,MDF
1507,MDF
7698,MDF
1697,MDF
11801,MDF
1096,MDF
8395,MDF
15693,MDF
11003,MDF
15287,MDF
14009,MDF
13491,MDF
10705,MDF
2330,DDF
1941,MDF
7813,MDF
8538,MDF
5316,MDF
3225,MDF
1067,MDF
14652,MDF
16878,MDF
1527,MDF
13910,MDF
15689,MDF
13767,MDF
5842,MDF
6130,MDF
16166,MDF
15717,MDF
9227,MDF
9505,MDF
3187,MDF
11167,MDF
7070,MDF
239,MDF
992,MDF
13809,MDF
4088,MDF
10602,MDF
425,MDF
6447,MDF
11617,MDF
1718,MDF
16226,MDF
10840,MDF
204,MDF
3392,MDF
2129,MDF
198,MDF
7807,MDF
6413,MDF
340,MDF
1772,MDF
8236,MDF
12266,MDF
1358,MDF
14461,MDF
15397,MDF
12455,MDF
4487,MDF
14368,MDF
12090,MDF
8920,MDF
7733,MDF
14882,MDF
2666,MDF
12086,MDF
14987,MDF
4430,MDF
12881,MDF
3393,MDF
9399,MDF
3598,MDF
9333,MDF
133,MDF
16436,MDF
12898,MDF
16051,MDF
6212,MDF
12500,MDF
10750,MDF
5909,MDF
1521,MDF
5286,MDF
2492,MDF
6899,MDF
10686,MDF
8402,MDF
10656,MDF
6525,MDF
15591,MDF
9657,MDF
15732,MDF
7610,MDF
4739,MDF
2826,MDF
4776,MDF
7777,MDF
13776,MDF
11489,MDF
6460,MDF
5729,MDF
4632,MDF
8758,MDF
14925,MDF
2671,MDF
4656,MDF
1399,MDF
2877,MDF
13575,MDF
2573,MDF
4989,MDF
11091,MDF
7275,MDF
3942,MDF
15963,MDF
7943,MDF
14972,MDF
13528,MDF
5000,MDF
2068,MDF
13676,MDF
10755,MDF
12818,MDF
6397,MDF
6012,MDF
10468,MDF
12909,MDF
16457,MDF
2131,MDF
12963,MDF
4542,MDF
15163,MDF
9224,MDF
7789,MDF
6147,MDF
5426,MDF
4764,MDF
8947,MDF
10060,MDF
4528,MDF
6428,MDF
3931,MDF
6231,MDF
744,MDF
12593,MDF
3435,MDF
3925,MDF
6687,MDF
9174,MDF
1514,MDF
14016,MDF
12913,MDF
473,MDF
8453,MDF
4913,MDF
12774,MDF
7798,MDF
9043,MDF
12462,MDF
15208,MDF
1876,MDF
13163,MDF
10578,MDF
381,MDF
400,MDF
8265,MDF
4237,MDF
8905,MDF
702,MDF
2038,MDF
13574,MDF
10984,MDF
2146,MDF
6614,MDF
15405,MDF
9347,MDF
9509,MDF
8219,MDF
4737,MDF
11575,MDF
5368,MDF
14111,MDF
11360,MDF
2013,MDF
12897,MDF
14264,MDF
7873,MDF
14283,MDF
5214,MDF
5172,MDF
6531,MDF
7634,MDF
1245,MDF
4998,MDF
11105,MDF
4868,MDF
2147,MDF
9895,MDF
7996,MDF
9698,MDF
7821,MDF
3076,MDF
7722,MDF
10498,MDF
3149,MDF
13117,MDF
3953,MDF
13894,MDF
1644,MDF
9591,MDF
3798,MDF
13262,MDF
8366,MDF
1255,MDF
1175,MDF
11236,MDF
13724,MDF
16731,MDF
6730,MDF
11345,MDF
15238,DDF
2091,MDF
3479,MDF
15842,MDF
16805,MDF
6442,MDF
14284,MDF
14860,MDF
170,MDF
15824,MDF
1850,MDF
4447,MDF
10477,MDF
15704,MDF
1145,MDF
6035,MDF
2108,MDF
11822,MDF
3087,MDF
16123,MDF
528,MDF
12416,MDF
14526,MDF
8312,MDF
2575,MDF
190,MDF
8638,MDF
4265,MDF
13905,MDF
5065,MDF
8013,MDF
11734,MDF
11330,MDF
14115,MDF
13951,MDF
6685,MDF
10571,MDF
2276,MDF
5050,MDF
9685,MDF
12319,MDF
2237,MDF
10382,MDF
2081,MDF
7305,MDF
9922,MDF
4194,MDF
10198,MDF
3777,MDF
7815,MDF
3070,MDF
2032,MDF
2859,MDF
15014,MDF
11546,MDF
12207,MDF
11250,MDF
13498,MDF
6223,MDF
14217,MDF
11303,MDF
6225,MDF
15702,MDF
12305,MDF
11446,MDF
3917,MDF
2686,MDF
13051,MDF
14131,MDF
1749,MDF
8841,MDF
933,MDF
1600,MDF
13963,DDF
12565,MDF
12505,MDF
8367,MDF
50,MDF
4720,MDF
2890,MDF
10464,DDF
11077,MDF
6768,MDF
9642,MDF
4916,MDF
16326,MDF
15346,MDF
868,MDF
14081,MDF
4426,MDF
10532,MDF
1367,MDF
12284,MDF
3732,MDF
15239,MDF
16683,MDF
15217,MDF
277,MDF
4700,MDF
1587,MDF
15877,MDF
7601,MDF
16102,MDF
1870,MDF
6418,MDF
3069,MDF
15342,MDF
1925,DDF
14629,MDF
3921,MDF
4009,MDF
1053,MDF
16218,MDF
16918,MDF
5558,DDF
16651,MDF
10834,MDF
15678,MDF
10246,DDF
8628,MDF
3929,MDF
16756,MDF
2980,MDF
2712,MDF
1917,MDF
232,DDF
15150,DDF
17013,MDF
9165,MDF
14503,MDF
14163,MDF
11229,MDF
6026,MDF
6603,MDF
9086,MDF
4371,MDF
9887,MDF
2551,MDF
8388,MDF
12772,MDF
5390,MDF
8424,MDF
9646,MDF
8284,MDF
15710,MDF
2307,MDF
7575,MDF
11099,MDF
9910,MDF
14255,MDF
4113,MDF
12202,MDF
9774,MDF
16303,MDF
5154,MDF
6407,MDF
9024,MDF
5844,MDF
9397,MDF
16089,MDF
4436,MDF
3402,MDF
14923,MDF
13330,MDF
1087,MDF
7066,MDF
14867,MDF
11515,MDF
10728,MDF
14423,MDF
6475,MDF
4150,MDF
14192,MDF
15749,MDF
5450,MDF
12823,MDF
4982,MDF
7707,MDF
16062,MDF
2414,MDF
10451,MDF
16249,MDF
16829,MDF
12405,MDF
13876,MDF
556,MDF
15434,MDF
7703,MDF
15109,MDF
13425,MDF
9015,MDF
10961,MDF
13957,MDF
5271,MDF
14452,MDF
664,MDF
15734,MDF
16754,MDF
315,MDF
12879,MDF
890,MDF
7955,MDF
2118,MDF
15307,MDF
15876,MDF
1940,MDF
998,MDF
2993,MDF
7887,MDF
12267,MDF
1739,MDF
4067,MDF
997,MDF
5567,MDF
8700,MDF
3722,MDF
16390,MDF
9759,MDF
16279,MDF
803,MDF
3242,MDF
4319,MDF
10700,MDF
9282,MDF
16881,MDF
12604,MDF
6023,MDF
6298,MDF
9736,MDF
14666,MDF
6119,MDF
15074,MDF
10981,MDF
8057,MDF
16003,MDF
13790,MDF
16574,MDF
11897,MDF
2222,MDF
16290,DDF
13052,MDF
2608,MDF
5520,MDF
8924,MDF
11041,MDF
10029,MDF
7560,MDF
15663,MDF
3410,MDF
11227,MDF
16807,MDF
13035,MDF
1872,MDF
13660,MDF
16952,MDF
12870,MDF
8121,MDF
8232,MDF
3650,MDF
636,MDF
580,MDF
4823,MDF
6761,MDF
9232,MDF
16812,MDF
6376,MDF
11376,MDF
10033,MDF
7531,MDF
12486,MDF
4919,MDF
9244,MDF
13715,MDF
129,MDF
1200,MDF
1647,MDF
3256,MDF
15978,MDF
4807,MDF
5768,MDF
8591,MDF
7095,MDF
7081,MDF
11211,MDF
2987,MDF
5006,MDF
9723,MDF
2929,MDF
11627,MDF
6219,MDF
2145,MDF
13551,MDF
3605,MDF
14551,MDF
90,MDF
1139,MDF
1706,MDF
8595,MDF
7616,MDF
10407,MDF
3494,MDF
16919,MDF
5223,MDF
10266,MDF
1570,MDF
1170,MDF
4174,MDF
826,MDF
4907,MDF
14843,MDF
11088,MDF
2916,MDF
12360,MDF
6649,MDF
3510,MDF
1637,MDF
6091,MDF
12180,MDF
1362,MDF
16015,MDF
16846,MDF
17032,MDF
12089,MDF
13037,MDF
12143,MDF
3938,MDF
9236,MDF
7803,MDF
13714,MDF
5684,MDF
2056,MDF
4123,MDF
1662,MDF
2407,MDF
4139,MDF
2217,MDF
14382,MDF
81,MDF
11044,MDF
3740,MDF
3397,DDF
9350,MDF
9356,MDF
9424,MDF
16713,MDF
5890,MDF
6293,MDF
16842,MDF
9754,MDF
12704,MDF
7144,MDF
6836,MDF
2779,MDF
320,MDF
13205,MDF
4057,MDF
11068,MDF
10076,MDF
10550,MDF
387,MDF
6077,MDF
12429,MDF
16858,MDF
9187,MDF
15142,MDF
4570,MDF
3519,MDF
14769,MDF
6655,MDF
7184,MDF
10269,MDF
6498,MDF
11392,MDF
1342,MDF
9172,MDF
7898,MDF
71,MDF
2769,MDF
13658,MDF
11097,MDF
6867,MDF
9873,MDF
5988,MDF
15175,MDF
15775,MDF
1604,MDF
11316,MDF
10653,MDF
4168,MDF
6182,MDF
14098,MDF
3830,MDF
8435,MDF
4078,MDF
6432,MDF
15012,MDF
6639,MDF
4079,MDF
6364,MDF
11535,MDF
8798,MDF
6399,MDF
6814,MDF
7159,MDF
9662,MDF
16002,MDF
4812,MDF
15553,MDF
7751,MDF
3135,MDF
14944,MDF
2334,MDF
3538,MDF
14800,MDF
2506,MDF
6646,MDF
10785,MDF
8201,MDF
13059,MDF
8159,MDF
5550,MDF
7378,MDF
9875,MDF
3071,MDF
4990,MDF
16136,MDF
10181,MDF
5738,MDF
5138,MDF
10659,MDF
14261,MDF
7660,MDF
6575,MDF
17052,MDF
2690,MDF
12809,MDF
166,MDF
3736,MDF
11991,MDF
7360,MDF
12362,MDF
8917,MDF
16734,MDF
11748,MDF
14517,MDF
11555,MDF
7889,MDF
2259,MDF
6719,MDF
563,MDF
238,MDF
3949,MDF
12579,MDF
7155,MDF
14315,MDF
2183,MDF
8315,MDF
16738,DDF
11069,DDF
6466,MDF
7042,MDF
1542,MDF
3514,MDF
16984,MDF
6494,MDF
9847,MDF
10591,MDF
15794,MDF
13074,MDF
9135,MDF
15800,MDF
9674,MDF
14407,MDF
7456,MDF
9219,MDF
5823,MDF
1486,MDF
9622,MDF
4065,MDF
8213,MDF
12118,MDF
15399,MDF
7595,MDF
10209,MDF
2301,MDF
1691,MDF
8189,MDF
3948,MDF
2040,MDF
7730,MDF
5573,MDF
11676,MDF
12069,MDF
10203,MDF
4138,MDF
734,MDF
13817,MDF
14323,MDF
6601,MDF
6642,MDF
1,MDF
2376,MDF
1301,MDF
7696,MDF
13532,MDF
11371,MDF
13188,MDF
13635,MDF
3795,MDF
16804,MDF
11441,MDF
1334,MDF
7348,MDF
11101,MDF
9757,MDF
10739,MDF
14978,MDF
8071,MDF
13899,MDF
2447,DDF
3620,MDF
16387,MDF
3790,MDF
9310,MDF
10861,MDF
1318,MDF
1750,MDF
2005,MDF
2404,MDF
6081,MDF
6321,MDF
6980,MDF
3228,MDF
11232,MDF
6452,MDF
8434,MDF
9739,MDF
10027,MDF
4509,MDF
3678,MDF
9703,MDF
13145,MDF
11787,MDF
16281,MDF
3086,MDF
5944,MDF
6882,MDF
10681,MDF
13263,MDF
12855,MDF
13757,MDF
9636,MDF
8566,MDF
12999,MDF
16027,MDF
10353,MDF
3780,MDF
7220,MDF
12867,MDF
9955,MDF
10320,MDF
7325,MDF
1044,MDF
13354,MDF
10977,MDF
13178,MDF
3240,MDF
5505,MDF
517,MDF
3391,MDF
14298,MDF
14471,MDF
2721,MDF
1402,MDF
2408,MDF
12792,MDF
8667,MDF
7509,MDF
4985,MDF
297,MDF
14258,MDF
3839,MDF
15991,MDF
13406,MDF
3476,MDF
3705,MDF
13609,DDF
4253,MDF
3303,MDF
6406,MDF
4120,MDF
6600,MDF
5099,MDF
16179,MDF
8092,MDF
15196,MDF
3896,MDF
3616,MDF
4295,MDF
6184,MDF
5,MDF
11203,MDF
7040,MDF
10622,MDF
14794,MDF
14456,MDF
5972,MDF
6843,MDF
16843,MDF
5506,MDF
9528,MDF
9193,MDF
15108,MDF
7024,MDF
811,MDF
2198,MDF
2775,MDF
1012,MDF
12311,MDF
14605,MDF
530,MDF
15863,MDF
12899,MDF
8569,MDF
4503,MDF
3641,MDF
16724,MDF
7012,MDF
3857,MDF
16256,MDF
4216,MDF
1783,MDF
5352,MDF
1147,MDF
695,MDF
1131,MDF
3457,MDF
8279,MDF
5478,MDF
12308,MDF
3876,MDF
3773,MDF
10179,MDF
12297,MDF
16361,MDF
12357,MDF
2438,MDF
10290,MDF
2099,MDF
9178,MDF
13525,MDF
12098,MDF
2266,MDF
200,MDF
7850,MDF
8704,MDF
1282,MDF
2543,MDF
14613,MDF
10877,DDF
2898,MDF
11425,MDF
16986,MDF
1635,MDF
420,MDF
15585,MDF
2358,MDF
5043,MDF
12748,MDF
14522,MDF
5963,MDF
11319,MDF
14907,MDF
7128,MDF
2710,MDF
16139,MDF
9018,MDF
7665,MDF
15834,MDF
2336,MDF
6975,MDF
104,MDF
16118,DDF
12153,MDF
14976,MDF
14066,MDF
12010,MDF
11611,MDF
2203,MDF
4043,MDF
16348,MDF
2327,MDF
13710,MDF
16552,MDF
9363,MDF
6886,MDF
8802,MDF
5546,MDF
11294,MDF
9605,MDF
15188,MDF
8520,MDF
6604,MDF
17003,MDF
5625,MDF
15698,MDF
3454,MDF
11737,MDF
6329,MDF
7229,DDF
1454,MDF
12115,MDF
6377,MDF
13331,MDF
2986,MDF
16259,MDF
1195,MDF
16898,MDF
909,MDF
1162,MDF
4333,MDF
4402,MDF
11413,MDF
15961,MDF
14091,MDF
11090,MDF
3367,MDF
12811,MDF
15269,MDF
10765,MDF
3365,MDF
16780,MDF
9058,MDF
7800,MDF
11071,MDF
5098,MDF
5521,MDF
15025,MDF
8930,MDF
6684,MDF
2967,MDF
5044,MDF
15911,MDF
13300,MDF
3507,MDF
5511,MDF
424,MDF
1460,MDF
8363,MDF
1942,MDF
812,MDF
2819,MDF
9985,MDF
11219,MDF
805,MDF
3661,MDF
13795,MDF
15980,MDF
501,MDF
7498,MDF
10157,MDF
15517,MDF
16005,MDF
7224,MDF
3497,MDF
11480,MDF
8436,MDF
4180,MDF
12892,MDF
1700,MDF
12677,MDF
10200,MDF
2473,MDF
16067,MDF
8330,MDF
16334,MDF
10034,MDF
12894,MDF
512,MDF
5935,MDF
3972,MDF
6336,MDF
8747,MDF
1646,MDF
16850,MDF
10927,MDF
16735,MDF
2258,MDF
8532,MDF
11874,MDF
2168,MDF
760,MDF
3652,MDF
9320,MDF
7382,MDF
6087,MDF
12271,DDF
10570,MDF
10479,MDF
4368,MDF
1880,MDF
4218,MDF
3963,MDF
10242,MDF
8818,MDF
11085,MDF
13227,MDF
11999,MDF
9961,DDF
11767,MDF
10830,MDF
15317,MDF
9156,MDF
1889,MDF
5838,MDF
197,MDF
10500,MDF
1330,MDF
3363,MDF
4785,MDF
1129,MDF
13017,MDF
7087,MDF
16791,MDF
8677,MDF
8147,MDF
2773,MDF
2143,MDF
1074,MDF
13772,MDF
15384,MDF
5119,MDF
6635,MDF
3419,MDF
5213,MDF
7833,MDF
1479,MDF
7092,MDF
16165,MDF
15574,MDF
16664,MDF
16021,MDF
5673,MDF
5296,MDF
3079,MDF
6701,MDF
12880,MDF
11979,MDF
7050,MDF
2527,MDF
3014,MDF
5141,MDF
5198,MDF
12191,MDF
13601,MDF
6645,MDF
6034,MDF
696,MDF
15646,MDF
13149,MDF
13869,MDF
183,MDF
7795,MDF
16603,MDF
13180,MDF
8494,MDF
10113,MDF
5192,MDF
3085,MDF
6949,MDF
2332,MDF
8583,MDF
13140,MDF
11454,MDF
12551,MDF
8426,MDF
12341,MDF
1085,MDF
4904,MDF
4332,MDF
14224,MDF
4878,MDF
14534,MDF
9792,MDF
2185,MDF
8972,MDF
13871,MDF
5775,MDF
13058,MDF
405,MDF
7871,MDF
2298,MDF
9184,MDF
8293,MDF
14562,MDF
2748,MDF
10036,MDF
2536,MDF
4999,MDF
15226,DDF
8894,MDF
10474,MDF
12450,MDF
5693,MDF
7084,MDF
3072,MDF
10195,MDF
76,MDF
1579,MDF
14916,MDF
7091,MDF
2876,MDF
16798,MDF
11720,MDF
6292,MDF
9389,MDF
11533,MDF
16859,MDF
12623,MDF
728,MDF
10548,MDF
7749,MDF
2392,MDF
16885,MDF
11588,MDF
7074,MDF
6689,MDF
9247,MDF
11271,MDF
13718,MDF
8906,MDF
8786,MDF
14680,MDF
3581,MDF
14578,MDF
13851,MDF
5898,MDF
11362,MDF
1017,MDF
11163,MDF
7655,MDF
16374,MDF
7123,MDF
694,MDF
1981,MDF
12410,MDF
4934,MDF
4687,MDF
10716,MDF
6073,MDF
10630,MDF
2581,MDF
4713,MDF
16175,MDF
13374,MDF
5140,MDF
13513,MDF
789,MDF
10897,MDF
5831,DDF
11604,MDF
15982,MDF
2003,MDF
10585,MDF
9948,MDF
4454,MDF
12912,MDF
10006,MDF
5870,MDF
11217,MDF
5740,MDF
1912,MDF
8911,MDF
2600,MDF
697,MDF
15486,MDF
14806,MDF
10432,MDF
14137,MDF
15691,MDF
11220,MDF
4482,MDF
12269,MDF
12056,MDF
3486,MDF
628,MDF
14691,DDF
520,MDF
2726,MDF
6780,MDF
7520,MDF
16976,MDF
14831,MDF
11206,MDF
5089,MDF
6665,MDF
16836,MDF
16465,MDF
9725,MDF
13162,MDF
10974,MDF
16450,MDF
3119,MDF
678,MDF
11036,MDF
16100,MDF
8599,MDF
13812,MDF
7797,MDF
14840,MDF
9051,MDF
10126,MDF
15599,MDF
5541,MDF
16056,MDF
17042,MDF
6839,MDF
15059,MDF
285,MDF
1197,MDF
1324,MDF
972,MDF
15351,MDF
8378,MDF
1921,MDF
12674,MDF
10155,MDF
6429,MDF
3029,MDF
6126,MDF
9971,MDF
10704,MDF
2367,MDF
15853,MDF
6869,MDF
8354,MDF
5211,MDF
5254,MDF
12943,MDF
1983,MDF
12182,MDF
8049,MDF
13725,MDF
9705,MDF
5979,MDF
1320,MDF
9829,MDF
16840,MDF
11686,MDF
7364,MDF
6682,MDF
9681,MDF
11716,MDF
14609,MDF
6124,MDF
4905,MDF
1066,MDF
4663,MDF
631,MDF
3981,MDF
9456,MDF
12140,MDF
15964,MDF
13322,MDF
7590,MDF
5948,MDF
3046,MDF
12685,MDF
11500,MDF
1444,MDF
15572,MDF
1351,MDF
12628,MDF
16640,MDF
10187,MDF
3943,MDF
11664,MDF
559,MDF
11609,MDF
3556,MDF
16116,MDF
350,MDF
12558,MDF
16994,MDF
8085,MDF
112,MDF
8653,MDF
1967,MDF
2880,MDF
8111,MDF
652,MDF
12896,MDF
10632,MDF
3935,MDF
4869,MDF
15825,MDF
3976,MDF
6500,MDF
14085,MDF
8783,MDF
14902,MDF
4424,MDF
6433,MDF
12395,MDF
10798,MDF
6993,MDF
2628,MDF
6951,MDF
1632,MDF
5815,MDF
8262,MDF
8875,MDF
772,MDF
10466,MDF
5677,MDF
3860,MDF
7359,DDF
11300,MDF
11350,MDF
5886,MDF
12980,MDF
1694,MDF
2839,MDF
11436,MDF
3687,MDF
7320,MDF
371,MDF
16755,MDF
4033,MDF
6586,MDF
16092,MDF
11796,MDF
8673,MDF
1179,MDF
10778,MDF
1203,MDF
16202,MDF
4569,MDF
6842,MDF
3115,MDF
775,MDF
17001,MDF
12929,MDF
10061,MDF
7445,MDF
16199,MDF
256,MDF
13859,DDF
15173,MDF
7213,MDF
1111,MDF
3101,MDF
10177,MDF
15167,MDF
2861,MDF
9682,MDF
11378,MDF
10967,MDF
5703,MDF
2949,MDF
2771,MDF
16276,MDF
14950,MDF
6795,MDF
13945,MDF
6050,MDF
3546,MDF
9783,MDF
5259,MDF
12735,MDF
8518,MDF
5798,MDF
1823,MDF
14216,MDF
1115,DDF
14611,MDF
10404,MDF
9764,MDF
8824,MDF
3715,MDF
9595,MDF
7156,MDF
13380,MDF
14602,MDF
4717,MDF
4597,MDF
10950,MDF
4014,MDF
3558,MDF
8368,MDF
9559,MDF
9061,MDF
2350,MDF
8594,MDF
15644,MDF
15093,MDF
7633,MDF
15615,MDF
12595,MDF
13216,MDF
53,MDF
2317,MDF
7847,MDF
13539,MDF
2833,MDF
8060,MDF
7597,MDF
16995,MDF
15311,MDF
12520,MDF
10594,MDF
1422,MDF
6750,MDF
1693,MDF
7395,MDF
6763,MDF
13629,MDF
16362,MDF
1429,MDF
4874,MDF
10891,MDF
6249,MDF
7015,MDF
10051,MDF
5821,MDF
7333,MDF
13746,MDF
13833,MDF
14910,MDF
187,MDF
13706,MDF
8276,MDF
4054,MDF
8664,MDF
1462,MDF
4035,MDF
15512,MDF
15917,MDF
7779,MDF
11380,MDF
1133,MDF
3336,MDF
7753,MDF
14133,MDF
11018,MDF
16441,MDF
4886,MDF
2883,MDF
7846,MDF
3505,MDF
5333,MDF
8244,MDF
15674,MDF
20,MDF
2130,MDF
16031,MDF
10573,MDF
16983,MDF
6683,MDF
8567,MDF
235,MDF
9585,MDF
1241,MDF
5644,MDF
19,MDF
613,MDF
5540,MDF
9332,MDF
11599,MDF
3658,MDF
9643,MDF
13667,MDF
692,MDF
13093,MDF
3619,MDF
15520,MDF
10160,MDF
9491,MDF
4438,MDF
4930,MDF
9383,MDF
10430,MDF
6079,MDF
4170,MDF
2621,MDF
5185,MDF
14896,MDF
10020,MDF
9675,MDF
1910,MDF
6340,MDF
8584,MDF
14027,MDF
14008,MDF
1418,MDF
12945,DDF
15016,MDF
8636,MDF
5444,DDF
3003,MDF
1809,MDF
12072,MDF
7399,MDF
13409,MDF
2817,MDF
1302,MDF
3683,MDF
12323,MDF
12440,MDF
14542,MDF
8795,MDF
609,MDF
10845,MDF
12184,MDF
4224,MDF
6238,MDF
16367,MDF
5585,MDF
3340,MDF
43,MDF
16619,MDF
4655,DDF
2865,MDF
1923,MDF
12258,MDF
14939,MDF
13215,MDF
7782,MDF
1227,MDF
15126,MDF
10204,MDF
15047,MDF
573,MDF
11308,MDF
14260,MDF
1598,MDF
7785,MDF
7818,MDF
11485,MDF
5237,MDF
12607,MDF
5187,MDF
14568,MDF
11987,MDF
3217,MDF
2709,MDF
1614,MDF
3185,MDF
14308,MDF
6457,MDF
14968,MDF
2521,MDF
14600,MDF
3663,MDF
9473,MDF
8456,MDF
6950,MDF
11726,MDF
1492,MDF
13836,MDF
1411,MDF
14822,MDF
6546,MDF
15383,MDF
3205,MDF
8123,MDF
3879,MDF
12065,MDF
1973,MDF
6561,MDF
11310,MDF
12292,MDF
5602,MDF
8696,MDF
4691,MDF
16969,MDF
4952,MDF
9512,MDF
3827,MDF
13881,MDF
11408,MDF
525,MDF
14759,MDF
5130,MDF
1244,MDF
2989,MDF
6888,MDF
10575,MDF
1297,MDF
12885,MDF
11886,MDF
4476,MDF
2303,MDF
10205,MDF
10697,MDF
7266,MDF
658,MDF
4625,MDF
9238,MDF
8268,MDF
10484,MDF
14634,MDF
11928,MDF
2969,MDF
5184,MDF
4773,MDF
1383,MDF
15843,MDF
1240,MDF
533,MDF
7548,MDF
13062,MDF
9609,MDF
16719,MDF
15202,MDF
10314,MDF
6580,MDF
8468,MDF
15193,MDF
2134,MDF
3492,MDF
2799,MDF
11944,MDF
5330,MDF
8974,MDF
9023,MDF
3821,MDF
13891,MDF
2006,MDF
14817,MDF
3665,MDF
4734,MDF
1427,MDF
5116,MDF
1270,MDF
15154,MDF
7598,MDF
9064,DDF
2821,MDF
7865,MDF
11346,MDF
16419,MDF
2768,MDF
8919,MDF
5364,MDF
6538,MDF
11382,MDF
3618,MDF
8857,MDF
8912,MDF
15286,MDF
8629,MDF
16852,MDF
6816,MDF
15760,MDF
16190,MDF
11305,MDF
13130,MDF
3986,MDF
1511,MDF
6155,MDF
13684,MDF
15908,MDF
276,MDF
15560,MDF
4892,MDF
13173,MDF
15791,MDF
7403,MDF
15458,MDF
1165,MDF
7770,MDF
13004,MDF
6686,MDF
14751,MDF
3947,MDF
4323,MDF
8432,MDF
13781,MDF
8548,MDF
13599,MDF
11306,MDF
5467,MDF
13489,MDF
2866,MDF
4441,MDF
12651,MDF
3371,MDF
14447,MDF
6722,MDF
14033,MDF
6647,MDF
3005,MDF
14874,MDF
15243,MDF
14963,MDF
12644,MDF
15305,MDF
8298,MDF
12456,MDF
2483,MDF
32,MDF
7899,MDF
8768,MDF
10935,MDF
342,MDF
14918,MDF
9059,MDF
6039,MDF
10095,MDF
5377,MDF
16674,MDF
4976,MDF
5894,MDF
12902,MDF
7834,MDF
886,MDF
14013,MDF
12883,MDF
7927,MDF
12205,MDF
3282,MDF
1855,MDF
7215,MDF
1730,MDF
16762,MDF
8373,MDF
8073,MDF
13704,MDF
5955,MDF
9771,MDF
10788,MDF
16542,MDF
1459,MDF
9840,MDF
1468,MDF
2467,MDF
13583,MDF
1312,MDF
367,MDF
6131,MDF
6277,MDF
9083,MDF
11974,MDF
1805,MDF
8047,MDF
10691,MDF
4815,MDF
11398,DDF
8978,MDF
472,MDF
8027,MDF
14335,MDF
5008,MDF
4372,MDF
6076,MDF
6031,MDF
11254,MDF
1123,MDF
8992,MDF
5987,MDF
6046,MDF
5373,MDF
8142,MDF
12951,MDF
3204,MDF
5854,MDF
3885,MDF
11863,MDF
2197,MDF
9130,MDF
10283,MDF
29,MDF
8116,MDF
1013,MDF
2598,MDF
15332,MDF
7588,MDF
11880,MDF
9296,MDF
5312,DDF
6006,MDF
554,MDF
16903,MDF
16692,MDF
12602,MDF
1986,MDF
261,MDF
210,MDF
7372,MDF
13588,MDF
13142,MDF
738,MDF
16937,MDF
12229,MDF
12484,MDF
103,MDF
2828,MDF
4804,MDF
192,MDF
10762,MDF
2922,MDF
5246,MDF
1448,MDF
451,MDF
5440,MDF
7309,MDF
4659,MDF
1043,MDF
15563,MDF
11809,MDF
7169,MDF
7939,MDF
11126,MDF
2444,MDF
10714,MDF
14202,MDF
4598,MDF
11034,MDF
6462,MDF
4433,MDF
4508,MDF
1666,MDF
3995,MDF
7506,MDF
15096,MDF
14619,MDF
3175,MDF
12614,MDF
9338,MDF
5387,MDF
4811,MDF
10172,MDF
11338,MDF
15730,MDF
14528,MDF
8755,MDF
10708,MDF
4407,MDF
7125,MDF
12555,MDF
6289,MDF
13819,MDF
1144,MDF
15494,MDF
4248,MDF
6484,MDF
12537,MDF
15100,MDF
15765,MDF
9975,MDF
5342,MDF
8848,MDF
10580,MDF
317,MDF
4769,MDF
1699,MDF
14991,MDF
5807,MDF
16926,MDF
4896,MDF
12095,MDF
13659,MDF
1148,MDF
13695,MDF
8986,MDF
15002,MDF
9067,MDF
4355,MDF
4884,MDF
4765,MDF
13976,MDF
5636,MDF
8283,MDF
14459,MDF
14826,MDF
16770,MDF
6964,MDF
3191,MDF
1800,MDF
10241,MDF
7222,MDF
930,MDF
3068,MDF
16187,MDF
3192,MDF
2585,MDF
15228,MDF
1672,MDF
3338,MDF
14491,MDF
11273,MDF
7303,MDF
7862,MDF
4386,MDF
13506,MDF
13219,MDF
14481,MDF
12083,MDF
5060,MDF
4296,MDF
5678,MDF
12472,MDF
11417,MDF
9411,MDF
9555,MDF
4107,MDF
3847,MDF
11320,MDF
2090,MDF
788,MDF
3699,MDF
14275,MDF
22,MDF
1381,MDF
8510,MDF
13307,MDF
16718,MDF
1861,MDF
6237,MDF
12648,MDF
16377,MDF
16965,MDF
9747,MDF
13638,MDF
14531,MDF
10396,MDF
3978,MDF
28,MDF
4227,MDF
9858,MDF
5860,MDF
9315,MDF
4939,MDF
1210,MDF
8404,MDF
2445,MDF
15198,MDF
12760,MDF
6727,MDF
4945,MDF
7310,MDF
47,MDF
16823,MDF
5752,MDF
1971,MDF
10677,MDF
2791,MDF
6784,MDF
9797,MDF
13584,MDF
3928,MDF
12775,MDF
10906,MDF
10097,MDF
8414,MDF
14732,MDF
12228,MDF
10215,MDF
14139,MDF
8682,MDF
5680,MDF
974,MDF
1410,MDF
10129,MDF
8290,MDF
15531,MDF
13445,DDF
4466,MDF
4036,MDF
31,MDF
4535,MDF
13066,MDF
13729,MDF
3842,MDF
2286,MDF
7431,MDF
14263,MDF
15072,MDF
15983,MDF
1268,MDF
8750,MDF
2836,MDF
14004,MDF
1712,MDF
12382,MDF
9055,MDF
16711,MDF
16081,MDF
15714,MDF
2806,MDF
16712,MDF
14055,MDF
3120,MDF
10387,MDF
13569,MDF
10024,MDF
9117,MDF
5773,MDF
8163,MDF
1235,MDF
91,MDF
10167,MDF
15183,MDF
5809,MDF
6260,MDF
6270,MDF
12747,MDF
3552,MDF
14401,MDF
16573,MDF
4106,MDF
4092,MDF
1201,MDF
16090,MDF
12995,DDF
14088,MDF
7852,MDF
953,MDF
7596,MDF
16440,MDF
8405,MDF
3390,MDF
7006,MDF
1519,MDF
458,MDF
7648,MDF
10425,MDF
1027,MDF
4198,MDF
15620,MDF
9865,MDF
7401,MDF
8215,MDF
3770,MDF
8320,MDF
6434,MDF
12973,MDF
8598,MDF
9709,MDF
14332,MDF
2854,MDF
5545,MDF
2941,MDF
224,MDF
5168,MDF
6309,MDF
3166,MDF
16549,MDF
7083,MDF
12221,MDF
16300,MDF
10865,MDF
7199,MDF
12700,MDF
8605,MDF
12354,MDF
11630,MDF
12635,MDF
5025,MDF
3114,MDF
13965,MDF
12063,MDF
7589,MDF
8525,MDF
2599,MDF
8110,MDF
12088,MDF
14417,MDF
113,MDF
8411,MDF
2610,MDF
1682,MDF
5035,MDF
5483,MDF
4364,MDF
7034,MDF
4526,MDF
284,MDF
15415,MDF
14154,MDF
7533,MDF
6331,MDF
4649,MDF
7261,MDF
514,MDF
16085,MDF
5826,MDF
5181,MDF
15162,MDF
16855,MDF
11119,MDF
11650,MDF
14040,MDF
1617,MDF
11047,MDF
13620,MDF
11788,MDF
11016,MDF
11825,MDF
10658,MDF
14926,MDF
9996,MDF
7535,MDF
10384,MDF
8421,MDF
16814,MDF
3357,MDF
2703,MDF
4220,MDF
5416,MDF
9427,MDF
4554,MDF
5617,MDF
17043,MDF
5660,MDF
13421,MDF
8019,MDF
6914,MDF
8029,MDF
14555,MDF
607,MDF
12901,MDF
398,MDF
5005,MDF
12508,MDF
5162,MDF
9415,MDF
5947,MDF
11951,MDF
3234,MDF
6534,MDF
8716,MDF
7228,MDF
3065,MDF
13766,MDF
16639,MDF
1586,MDF
15623,MDF
7218,MDF
6391,MDF
1760,MDF
9716,MDF
5681,MDF
14451,MDF
1851,MDF
5933,MDF
10815,MDF
13174,MDF
15706,MDF
2606,MDF
8009,MDF
859,MDF
11730,MDF
16007,MDF
15080,MDF
16193,MDF
6396,MDF
13468,MDF
4763,MDF
10202,MDF
5315,MDF
9416,MDF
13376,MDF
2648,MDF
3356,MDF
5307,MDF
818,MDF
4602,MDF
16581,MDF
3886,MDF
3193,MDF
186,MDF
6772,MDF
16039,MDF
2574,MDF
10729,MDF
15304,MDF
16314,MDF
10892,MDF
7337,MDF
15855,MDF
16356,MDF
2968,MDF
5490,MDF
3828,DDF
4229,MDF
9967,MDF
1118,MDF
16933,MDF
10614,MDF
16473,MDF
10072,MDF
16769,MDF
17006,MDF
6739,MDF
15282,MDF
16772,MDF
10267,DDF
10706,MDF
5013,MDF
4918,MDF
302,MDF
6136,MDF
13238,MDF
488,MDF
8068,MDF
16910,DDF
9326,MDF
12401,MDF
10924,MDF
7791,MDF
16531,MDF
11001,MDF
16644,MDF
3375,MDF
7090,MDF
6470,MDF
6582,MDF
2713,MDF
11486,MDF
13985,MDF
8896,MDF
726,MDF
11401,MDF
14764,MDF
14396,MDF
9925,MDF
13820,MDF
1186,MDF
3932,MDF
15385,MDF
8231,MDF
15306,MDF
12446,MDF
16686,MDF
12224,MDF
1948,DDF
13260,MDF
440,MDF
1782,MDF
11646,MDF
14237,MDF
10281,MDF
3103,MDF
3156,MDF
8835,MDF
1217,MDF
4316,MDF
2677,MDF
164,MDF
288,MDF
16075,MDF
15764,MDF
8507,MDF
577,MDF
1140,MDF
4434,MDF
12967,MDF
7466,MDF
7400,MDF
8565,MDF
11261,MDF
5398,MDF
718,MDF
14347,MDF
8955,MDF
7832,MDF
15324,MDF
202,MDF
12807,MDF
10987,MDF
5306,MDF
327,MDF
4463,MDF
11739,MDF
15104,DDF
11184,MDF
16032,MDF
14595,MDF
16157,MDF
4143,MDF
2832,MDF
1602,MDF
14695,MDF
2926,MDF
4736,MDF
16409,MDF
3253,MDF
984,MDF
6702,MDF
2948,MDF
5957,MDF
2583,MDF
7697,MDF
12,MDF
15451,MDF
4493,MDF
16354,MDF
7369,MDF
12785,MDF
4027,MDF
16764,MDF
3922,MDF
6853,MDF
7085,MDF
6707,MDF
12300,MDF
8340,MDF
12935,MDF
5028,MDF
9279,MDF
7678,MDF
3527,MDF
1068,MDF
1829,MDF
11326,MDF
14365,MDF
14644,MDF
6606,MDF
6137,MDF
5183,MDF
16241,MDF
1414,MDF
11580,MDF
10375,MDF
8624,MDF
14776,MDF
10601,MDF
13278,MDF
3348,MDF
12260,MDF
8125,MDF
15967,MDF
3717,MDF
13234,MDF
13204,MDF
2057,MDF
10417,MDF
6802,MDF
1365,MDF
15077,MDF
1215,MDF
4732,MDF
10329,MDF
343,MDF
9283,MDF
13033,MDF
996,MDF
6191,MDF
3982,MDF
5975,MDF
6156,MDF
2471,DDF
14414,MDF
13618,MDF
9387,MDF
7033,MDF
10416,MDF
6355,MDF
5083,MDF
4650,MDF
14453,MDF
10876,MDF
12862,MDF
13990,MDF
8695,MDF
11144,MDF
10442,MDF
11178,MDF
9613,MDF
16477,MDF
16789,MDF
13580,MDF
16600,MDF
16177,MDF
6316,MDF
793,MDF
7856,MDF
3877,MDF
7890,MDF
12512,MDF
3446,MDF
1216,MDF
2074,MDF
5722,MDF
4622,MDF
12849,MDF
3907,MDF
4214,MDF
5754,MDF
23,MDF
14951,MDF
10505,MDF
2706,MDF
4445,MDF
3610,MDF
10731,MDF
1599,DDF
564,MDF
14532,MDF
3016,MDF
10226,MDF
15457,MDF
12733,MDF
15547,MDF
13801,MDF
5170,MDF
13050,MDF
7475,MDF
880,MDF
8190,MDF
1684,MDF
7385,MDF
5526,MDF
397,MDF
9872,MDF
4169,MDF
4772,MDF
15076,MDF
5858,MDF
16320,MDF
13605,MDF
15013,MDF
14102,MDF
10440,MDF
6904,MDF
4586,MDF
6041,MDF
15880,MDF
5094,MDF
6465,MDF
7284,MDF
2111,MDF
3952,MDF
14358,MDF
494,MDF
9695,MDF
7903,MDF
9070,MDF
15136,MDF
175,MDF
9393,MDF
8267,MDF
11596,MDF
8773,MDF
8757,MDF
15274,MDF
12833,MDF
1377,MDF
7458,MDF
9467,MDF
14999,MDF
1605,MDF
9052,MDF
17015,MDF
3517,MDF
16049,MDF
10023,MDF
14599,MDF
16483,MDF
5318,MDF
12290,MDF
6153,MDF
8888,MDF
8994,MDF
10296,DDF
7216,MDF
4578,MDF
11955,MDF
11366,MDF
14986,MDF
9250,MDF
8398,MDF
3233,MDF
4389,MDF
5066,MDF
376,MDF
1103,MDF
12545,MDF
7680,MDF
2369,MDF
386,MDF
7028,MDF
7619,MDF
5990,MDF
352,MDF
4431,MDF
6481,MDF
10032,MDF
15140,MDF
3289,MDF
6215,MDF
7161,MDF
13038,MDF
643,MDF
12194,MDF
3164,MDF
4464,MDF
828,DDF
15969,MDF
10534,MDF
10421,MDF
11234,MDF
8487,MDF
2386,MDF
308,MDF
14959,MDF
14637,MDF
16407,MDF
6337,MDF
9560,MDF
10254,MDF
13868,MDF
8382,MDF
4917,MDF
6508,MDF
14698,MDF
10940,MDF
12197,MDF
13441,MDF
6506,MDF
14194,MDF
16132,MDF
15835,MDF
516,MDF
11890,MDF
11318,MDF
10410,MDF
7792,MDF
4664,MDF
13934,MDF
11765,MDF
15312,MDF
1198,MDF
14946,MDF
5081,MDF
2461,MDF
8257,MDF
13480,MDF
13217,MDF
10568,MDF
5907,DDF
6313,MDF
14567,MDF
3047,MDF
11752,MDF
9098,MDF
7492,MDF
12744,MDF
5018,MDF
14183,MDF
16744,MDF
12680,MDF
12145,MDF
9040,MDF
7462,MDF
15267,MDF
3415,MDF
8873,MDF
396,MDF
8607,MDF
5320,MDF
383,MDF
14125,MDF
1323,MDF
13630,MDF
5023,MDF
10779,MDF
2872,MDF
12438,MDF
979,MDF
11976,MDF
14058,MDF
14373,MDF
16220,MDF
16261,MDF
7527,MDF
13337,MDF
6636,MDF
5472,MDF
17026,MDF
14072,MDF
14832,MDF
10912,MDF
8644,MDF
11164,MDF
13694,MDF
4677,MDF
12422,MDF
12488,MDF
9907,MDF
3583,MDF
8444,MDF
6623,MDF
14596,MDF
14505,MDF
3459,MDF
7007,MDF
5156,MDF
15740,MDF
12770,MDF
13450,MDF
12521,MDF
9968,MDF
15874,MDF
7541,MDF
2569,MDF
6052,MDF
7245,MDF
11120,MDF
11127,MDF
13218,MDF
3718,MDF
489,MDF
2224,MDF
2309,MDF
7379,MDF
16250,MDF
11279,MDF
11917,MDF
8042,MDF
562,MDF
1303,MDF
3179,MDF
10358,MDF
11808,MDF
12511,MDF
8914,MDF
12157,MDF
8078,MDF
14780,MDF
10106,MDF
5363,MDF
11226,MDF
13348,MDF
8230,MDF
6278,MDF
4395,MDF
14495,MDF
14018,MDF
7036,MDF
15257,MDF
16630,MDF
3284,MDF
11860,MDF
2428,MDF
1524,MDF
790,MDF
11248,MDF
14507,MDF
9328,MDF
11187,MDF
2156,MDF
13195,MDF
16497,MDF
3473,MDF
9943,MDF
12374,MDF
13964,MDF
3870,MDF
2457,MDF
1619,MDF
13141,MDF
354,MDF
15567,MDF
2863,MDF
618,MDF
6820,MDF
14569,MDF
5095,MDF
10411,MDF
14228,MDF
11224,MDF
474,MDF
8669,MDF
6745,DDF
6025,MDF
16124,MDF
1058,MDF
299,MDF
2295,MDF
4428,MDF
10634,MDF
3831,MDF
1490,MDF
10769,MDF
1643,MDF
893,MDF
13393,MDF
9047,MDF
11148,MDF
118,MDF
4759,MDF
10120,MDF
1868,MDF
13739,MDF
10175,MDF
16890,MDF
1961,MDF
2409,MDF
4096,MDF
3413,MDF
15501,MDF
8854,MDF
10078,MDF
14584,MDF
6824,DDF
12445,MDF
7810,MDF
10955,MDF
10318,MDF
8406,MDF
10764,MDF
15229,MDF
3716,MDF
2406,MDF
11205,MDF
6403,MDF
14661,MDF
12934,MDF
5721,MDF
15204,MDF
9319,MDF
15171,MDF
14203,MDF
5536,MDF
6578,MDF
4920,MDF
8051,MDF
6956,MDF
11228,MDF
1057,MDF
12261,MDF
9436,MDF
1624,MDF
8797,MDF
1077,MDF
13641,MDF
1035,MDF
14317,MDF
16783,MDF
9075,MDF
1104,MDF
9667,MDF
598,MDF
9020,MDF
13365,MDF
7657,MDF
1208,MDF
13619,MDF
11046,MDF
5151,MDF
10014,MDF
15695,MDF
13094,MDF
5100,MDF
10048,MDF
8030,MDF
5931,MDF
10313,MDF
4590,MDF
15084,MDF
339,MDF
1024,MDF
1735,MDF
11678,MDF
13850,MDF
3822,MDF
8064,MDF
15006,MDF
11336,MDF
4667,MDF
11026,MDF
8479,MDF
16551,MDF
2486,MDF
14031,MDF
7529,MDF
7267,MDF
1795,MDF
1927,MDF
6756,MDF
15929,MDF
12938,MDF
10123,MDF
10813,MDF
13590,MDF
9860,DDF
11429,MDF
11019,MDF
15940,MDF
13939,MDF
2012,MDF
4210,MDF
12802,MDF
3073,MDF
11276,MDF
7603,MDF
2479,MDF
34,MDF
13524,MDF
584,MDF
8870,MDF
7436,MDF
11622,MDF
9290,MDF
4851,MDF
8655,MDF
3731,MDF
4573,MDF
9403,MDF
938,MDF
2868,DDF
16106,MDF
5670,MDF
16954,MDF
9286,MDF
9678,MDF
11984,MDF
6379,MDF
10028,MDF
6387,MDF
8928,MDF
14756,MDF
9597,MDF
7043,MDF
6499,MDF
6887,MDF
12586,MDF
11132,MDF
11262,MDF
15131,MDF
10616,MDF
4794,MDF
8963,MDF
3786,MDF
498,MDF
1122,MDF
15251,MDF
14964,MDF
1758,MDF
1269,MDF
10499,MDF
9570,MDF
165,MDF
9482,MDF
59,MDF
14852,MDF
11842,MDF
1368,MDF
4906,MDF
9969,MDF
156,MDF
830,MDF
338,MDF
9511,MDF
12637,MDF
7668,MDF
3347,MDF
14664,DDF
13181,MDF
16661,MDF
12055,MDF
6746,MDF
14655,MDF
13517,MDF
24,MDF
13852,MDF
11603,MDF
7814,MDF
2119,MDF
3468,MDF
9026,MDF
10546,MDF
7727,MDF
12363,MDF
9514,MDF
6946,MDF
9502,MDF
12403,MDF
5458,MDF
9492,MDF
1887,MDF
985,MDF
596,MDF
3662,MDF
3138,MDF
2142,MDF
13610,MDF
8102,MDF
10644,MDF
5212,MDF
887,MDF
10511,MDF
635,MDF
10767,MDF
11013,MDF
9808,MDF
14310,MDF
3908,MDF
1991,DDF
1374,MDF
6530,MDF
9167,MDF
12208,MDF
7230,MDF
5227,MDF
6823,MDF
13107,MDF
14848,MDF
2221,MDF
10522,MDF
6112,MDF
15138,MDF
16794,MDF
3150,MDF
12530,MDF
11997,MDF
11925,MDF
4379,MDF
4475,MDF
14672,MDF
10624,MDF
1212,MDF
11924,MDF
12793,MDF
1075,MDF
9826,MDF
7073,MDF
15981,MDF
16379,MDF
9490,MDF
13987,MDF
16470,MDF
5436,MDF
8058,MDF
3693,MDF
9170,DDF
14093,MDF
5419,MDF
792,MDF
8945,MDF
11550,MDF
4537,MDF
11668,MDF
12328,MDF
15225,MDF
15249,MDF
7289,MDF
15508,MDF
5386,MDF
1743,MDF
2798,MDF
6334,MDF
15720,MDF
4390,MDF
8504,MDF
12655,MDF
14106,MDF
15905,MDF
6286,MDF
14727,MDF
5401,MDF
1154,MDF
4019,MDF
2539,MDF
12683,MDF
12504,MDF
5756,MDF
15861,MDF
9129,MDF
6933,MDF
6986,MDF
17039,MDF
9312,MDF
5790,MDF
809,MDF
10306,MDF
1862,MDF
12844,MDF
5210,MDF
9944,MDF
11471,MDF
13144,MDF
5816,MDF
4840,MDF
7286,MDF
9806,MDF
7500,MDF
12459,MDF
4962,MDF
2570,MDF
5430,MDF
6870,MDF
12612,MDF
14014,MDF
5009,MDF
1978,MDF
11151,MDF
8191,DDF
298,MDF
6015,MDF
5301,MDF
4787,MDF
4638,MDF
16932,MDF
16174,MDF
15898,MDF
13873,MDF
16699,MDF
15111,MDF
15215,MDF
14023,MDF
12968,MDF
12144,MDF
495,MDF
7946,MDF
15330,MDF
4182,MDF
12503,MDF
2827,MDF
328,MDF
9618,MDF
2999,MDF
11109,MDF
13847,MDF
16655,MDF
3327,MDF
13481,MDF
1665,MDF
7311,MDF
14881,MDF
5182,MDF
15263,MDF
2116,MDF
7628,MDF
13538,MDF
10884,MDF
5393,MDF
14819,MDF
15848,MDF
10793,MDF
15203,MDF
4457,MDF
15979,MDF
3840,MDF
17024,MDF
8218,MDF
10670,MDF
6040,MDF
7975,MDF
13073,MDF
3996,MDF
13244,MDF
6881,MDF
12071,MDF
11412,MDF
9295,MDF
7300,MDF
5916,MDF
9899,MDF
3162,MDF
119,MDF
10745,MDF
6096,MDF
10771,MDF
6977,MDF
6473,MDF
670,MDF
10363,MDF
5164,MDF
4397,MDF
1432,MDF
1447,MDF
16512,MDF
4481,MDF
17047,MDF
2094,MDF
11712,MDF
10822,MDF
3692,MDF
3672,MDF
13699,MDF
1433,MDF
16476,MDF
5945,MDF
5474,MDF
13428,MDF
8108,MDF
3951,MDF
15289,MDF
4437,MDF
5353,MDF
4474,MDF
11778,MDF
9549,MDF
6937,MDF
10114,MDF
8021,MDF
5383,MDF
12920,MDF
14272,MDF
8881,DDF
4547,MDF
5219,MDF
8313,MDF
8887,MDF
1305,MDF
13340,MDF
7503,MDF
2747,MDF
5409,MDF
15756,MDF
7302,MDF
7879,MDF
4867,MDF
2353,MDF
303,MDF
4342,MDF
12124,MDF
11559,MDF
9314,MDF
14581,MDF
10795,MDF
15000,MDF
6926,MDF
9733,MDF
11011,MDF
14980,MDF
3709,MDF
15487,MDF
15973,MDF
4579,MDF
6813,MDF
12239,MDF
10612,MDF
13258,MDF
13111,MDF
8162,MDF
899,MDF
7970,MDF
13645,MDF
12201,MDF
3854,MDF
5113,DDF
14321,MDF
856,MDF
466,MDF
15334,MDF
10748,MDF
7474,MDF
3904,MDF
10433,MDF
12256,MDF
14239,MDF
4850,MDF
2,MDF
1633,MDF
11509,MDF
1531,MDF
7679,MDF
12830,MDF
13944,MDF
4844,MDF
12662,MDF
7478,MDF
3126,MDF
3113,MDF
531,MDF
4724,MDF
13546,MDF
10191,MDF
16784,MDF
13042,MDF
15273,MDF
9523,MDF
5417,MDF
2372,MDF
13637,MDF
13993,MDF
4601,MDF
5429,MDF
12585,MDF
3209,MDF
2446,MDF
4148,MDF
4545,MDF
6366,MDF
15348,MDF
11049,MDF
2635,MDF
5468,MDF
8249,MDF
3266,MDF
1155,MDF
4808,MDF
13014,MDF
6930,MDF
13408,MDF
10077,MDF
9966,MDF
10188,MDF
14196,MDF
15910,MDF
11458,MDF
6134,MDF
15923,MDF
3189,MDF
8742,MDF
12342,MDF
12371,MDF
1791,MDF
14973,MDF
13640,DDF
9177,MDF
12954,MDF
1892,MDF
1852,MDF
7304,MDF
6627,MDF
4010,MDF
13728,MDF
13324,MDF
9625,MDF
10620,MDF
51,MDF
6341,MDF
9125,MDF
2462,MDF
10832,MDF
5848,MDF
1733,DDF
12307,MDF
2902,MDF
8801,MDF
13652,MDF
14103,MDF
10319,MDF
7676,MDF
9926,MDF
5230,MDF
13356,MDF
15396,MDF
12304,MDF
14038,MDF
7263,MDF
586,MDF
258,MDF
14714,MDF
5174,MDF
14650,MDF
14774,MDF
11235,MDF
8155,MDF
2357,MDF
16239,MDF
6511,MDF
375,MDF
10374,MDF
14168,MDF
13252,MDF
8904,MDF
7681,MDF
808,MDF
11002,MDF
253,MDF
16749,MDF
10971,MDF
15103,MDF
11663,MDF
2112,MDF
13397,MDF
8011,MDF
9038,MDF
3997,MDF
12324,MDF
4937,MDF
14449,DDF
16215,MDF
4845,MDF
7026,MDF
4640,MDF
16595,MDF
16458,MDF
14270,MDF
11872,MDF
7710,MDF
14767,MDF
9362,MDF
11098,MDF
14782,MDF
13754,MDF
12583,MDF
9078,MDF
13961,MDF
16488,MDF
12424,MDF
2604,MDF
8864,MDF
4414,MDF
16963,MDF
5923,MDF
6711,MDF
13080,MDF
2714,MDF
4522,MDF
12306,MDF
1369,MDF
15533,MDF
15932,MDF
2265,MDF
13764,MDF
11621,MDF
2477,MDF
1331,MDF
13825,MDF
13101,MDF
15174,MDF
445,MDF
1877,MDF
11607,MDF
7321,MDF
10372,MDF
12766,MDF
16990,MDF
11045,MDF
8620,MDF
9569,MDF
9429,MDF
11365,MDF
8575,MDF
9710,MDF
2724,MDF
10071,MDF
9800,MDF
8590,MDF
7666,MDF
196,MDF
4133,MDF
5613,MDF
4977,MDF
6145,MDF
7487,MDF
4212,MDF
951,MDF
5097,MDF
3231,MDF
16550,MDF
7948,MDF
5605,MDF
4136,MDF
5402,MDF
2322,MDF
12557,MDF
4040,MDF
8007,MDF
6861,MDF
1064,MDF
8472,MDF
673,MDF
10394,MDF
5796,MDF
8774,MDF
1354,MDF
12458,MDF
3864,MDF
13743,MDF
12753,DDF
1313,MDF
2470,MDF
9846,MDF
6732,MDF
4932,MDF
3464,MDF
7120,MDF
10357,MDF
583,MDF
2807,MDF
4450,MDF
14936,MDF
9182,MDF
140,MDF
604,MDF
5582,MDF
15688,MDF
4110,MDF
9475,MDF
15049,MDF
14476,MDF
10558,MDF
15751,MDF
13915,MDF
16047,MDF
3386,MDF
14179,MDF
12073,MDF
15544,MDF
2869,MDF
14385,MDF
2670,MDF
2840,MDF
836,MDF
2207,MDF
9659,MDF
2873,MDF
11889,MDF
9478,MDF
4755,MDF
14087,DDF
16043,MDF
12163,MDF
8361,MDF
13845,MDF
16643,MDF
1050,MDF
5622,MDF
12447,MDF
1396,MDF
7663,MDF
9474,MDF
6222,MDF
9484,MDF
16404,MDF
8926,MDF
12919,MDF
6799,MDF
16513,MDF
1559,MDF
16733,MDF
2080,MDF
3176,MDF
1127,MDF
3027,MDF
13913,MDF
15769,MDF
2801,MDF
5499,MDF
15988,MDF
15290,MDF
15220,MDF
10662,MDF
11677,MDF
3273,MDF
16977,MDF
13691,MDF
14891,MDF
6654,MDF
7,MDF
3489,MDF
2397,MDF
14305,MDF
11193,MDF
15556,MDF
9987,MDF
8982,MDF
12513,MDF
14370,MDF
16688,MDF
5361,MDF
8469,MDF
6675,MDF
10286,MDF
13436,MDF
7183,MDF
2976,MDF
1319,MDF
11892,MDF
11744,MDF
11620,MDF
4377,MDF
13367,MDF
357,MDF
13554,MDF
10122,MDF
10655,DDF
14786,MDF
12398,MDF
1100,MDF
15488,MDF
2882,MDF
813,MDF
536,MDF
11968,MDF
10804,MDF
1086,MDF
3589,MDF
15370,MDF
831,MDF
9721,MDF
12549,MDF
8471,MDF
6891,MDF
14875,MDF
582,MDF
9380,MDF
14996,MDF
411,MDF
3488,MDF
6455,MDF
10373,MDF
10098,MDF
10720,MDF
14213,MDF
12236,MDF
6257,MDF
6793,MDF
3321,MDF
12159,MDF
5736,MDF
10225,MDF
9428,MDF
8360,DDF
6626,MDF
245,MDF
15589,MDF
1211,MDF
8822,MDF
9046,MDF
12428,MDF
8342,MDF
7442,MDF
13919,MDF
12081,MDF
2368,MDF
4302,MDF
5063,MDF
11722,MDF
4946,MDF
4685,MDF
477,MDF
7257,MDF
3843,MDF
14489,MDF
2958,MDF
8643,MDF
143,MDF
16211,MDF
6695,MDF
8195,MDF
4624,MDF
3867,MDF
4239,MDF
10086,MDF
16150,MDF
12475,MDF
1487,MDF
1310,MDF
7556,MDF
7578,MDF
14784,MDF
13955,MDF
6680,MDF
16801,MDF
12045,MDF
9686,MDF
16252,MDF
16922,MDF
16877,MDF
2841,MDF
13535,MDF
10868,MDF
14406,MDF
16811,MDF
10412,MDF
7390,MDF
15782,MDF
3667,MDF
8692,MDF
4968,MDF
12193,MDF
9994,MDF
3237,MDF
11547,MDF
12107,MDF
2128,MDF
12470,MDF
16874,MDF
2951,MDF
3813,MDF
4199,MDF
13592,MDF
13773,MDF
8925,MDF
8862,MDF
4963,MDF
5031,MDF
13672,MDF
6448,MDF
13597,MDF
17034,MDF
4521,MDF
7278,MDF
11812,MDF
16486,MDF
1166,MDF
4468,MDF
4071,MDF
13122,MDF
16570,MDF
14215,MDF
16915,MDF
11962,MDF
1548,MDF
7917,MDF
15637,MDF
9434,MDF
11056,MDF
15785,MDF
9230,MDF
6048,MDF
1906,MDF
15594,MDF
13690,MDF
3274,MDF
13621,DDF
12028,MDF
15335,MDF
11919,MDF
1584,MDF
15454,MDF
3317,MDF
14861,MDF
5355,MDF
12247,MDF
642,MDF
4486,MDF
15398,MDF
10279,MDF
14314,MDF
8012,MDF
13942,MDF
10339,MDF
7324,MDF
8652,MDF
12199,MDF
14477,DDF
14340,MDF
10107,MDF
4793,MDF
9587,DDF
231,MDF
3275,MDF
9546,MDF
14741,MDF
12639,MDF
14467,MDF
10854,MDF
5487,MDF
9919,MDF
16173,MDF
8083,MDF
948,MDF
779,MDF
15057,MDF
9891,MDF
7118,MDF
6762,MDF
1253,MDF
16444,MDF
13786,MDF
14070,MDF
13504,MDF
4313,MDF
3874,MDF
9218,MDF
10744,MDF
645,MDF
12786,MDF
2977,DDF
9817,MDF
12618,MDF
9645,MDF
15235,MDF
382,MDF
1734,DDF
12453,MDF
15463,MDF
13896,MDF
312,MDF
12990,MDF
12497,MDF
10870,MDF
13433,MDF
4053,MDF
9824,MDF
12722,MDF
10271,MDF
6579,MDF
16543,MDF
10600,MDF
14175,MDF
7537,MDF
7053,MDF
8678,MDF
11972,MDF
9522,MDF
913,MDF
13060,MDF
16654,MDF
12281,MDF
1738,MDF
10975,MDF
5958,MDF
3350,MDF
5965,MDF
13624,MDF
9837,MDF
9066,MDF
4309,MDF
2553,MDF
5926,MDF
2780,MDF
593,MDF
15789,MDF
9897,MDF
15890,MDF
13031,MDF
2267,MDF
21,MDF
13596,MDF
7363,MDF
13560,MDF
12519,MDF
9650,MDF
5879,MDF
9834,MDF
15949,MDF
14331,MDF
290,MDF
9863,MDF
7705,MDF
8726,MDF
13900,MDF
12469,MDF
107,MDF
5980,MDF
2838,MDF
957,MDF
16238,MDF
3257,MDF
4665,MDF
1048,MDF
97,MDF
16668,MDF
5524,MDF
6300,MDF
13413,MDF
465,MDF
16494,MDF
14037,MDF
12025,MDF
14547,MDF
3961,MDF
12331,MDF
12468,MDF
6583,MDF
5135,MDF
4217,MDF
13936,MDF
13240,MDF
6844,MDF
571,MDF
5850,MDF
7729,DDF
5588,MDF
17038,MDF
867,MDF
5598,MDF
9349,MDF
6205,MDF
6894,MDF
6232,MDF
12982,MDF
11028,MDF
115,MDF
10654,MDF
5718,MDF
13054,MDF
6539,MDF
